key;bibs;tags
"0045d882-70c3-422f-b881-9da210722d9f";17;200 KM de l Historic Tour
"009f82d1-4bc7-43d7-9306-24cd42900276";;Challenge F Ford Historic
"00b418f8-1d16-4c58-8409-4a9dab202b50";30;Racing Over 2L
"01751a8c-1734-46fe-bf6d-f4f84d00f709";"2, o-one";SportProtosCup
"0184aee2-5438-4faf-a54c-690d6be5fa7f";"119, 2";Roadster Pro Cup
"01ffd7ad-2aa2-4008-9606-e74d8b054597";34;Trophee F3 FR
"0208afc0-f8ac-4a1b-ba7b-3705b373504d";1;Trophee F3 FR
"02286eb9-6b15-467b-89b6-c4bdfe1362b5";23;Trophee F3 FR
"02478188-6d95-4fe9-889f-7307d2003ab7";15;SportProtosCup
"026e338c-4d0d-4859-bf89-05f1587dd269";17;trophee Lotus
"02b75878-1bc4-43cf-a82f-6a46ccb8310b";72;Maxi 2L classic Maxi 1300
"02f8a255-cb04-4b04-b600-bc76e56cf4d4";7;SportProtosCup
"0307656b-5972-4890-a3cf-09cdec92d408";83;200 KM de l Historic Tour
"033038b9-c937-43e1-9561-44fcae063ccb";51;Trophee F Ford kent
"033b4908-f306-4f1f-a503-3334a493e688";143;Roadster Pro Cup
"037011b7-d71d-418c-a094-384af3144726";742;Youngtimers SuperBerline
"038670ee-29a6-4e5a-9410-ace8b169aa49";29;trophee Lotus
"03927915-4172-436b-9760-0ee348e4265b";;Podiums
"03c7b7fe-90c5-4e4a-bea8-51fa6981fcdd";84;Trophee F3 FR
"03d360db-fc68-48c0-993a-58d783ca3665";30;Trophee F3 FR
"048e08db-524d-4162-9534-6cbfd88f2241";"10, 34, 39";trophee Lotus
"04f3311b-92b2-48d6-93ca-240c8147b9a5";240;Trophee F3 FR
"050df1ea-df73-475a-a00b-bcb686adb9c1";36;trophee Lotus
"053f480c-3e0b-49af-ac8e-4e3e6b682e5f";33;Trophee F3 FR
"05a9c674-e4ab-437d-aaaf-c59ce69cba49";"27, 43";Maxi 2L classic Maxi 1300
"05af8c45-2e65-410e-9b07-978ef7c22754";742;Youngtimers SuperBerline
"05c2a388-3bf4-48c9-bc9f-9b3fed798d93";"2, 24";Maxi 2L classic Maxi 1300
"05c6f701-3632-454a-98a7-9f653069780c";12;trophee Lotus
"05cfc2a1-0c13-41f6-a1ce-15b97c76abde";"806, 886";Youngtimers SuperBerline
"06245d8d-3c39-429b-ad42-92c55b3e7922";;Roadster Pro Cup
"064500bd-fb53-41c5-936b-e1c5e8b3f53d";eg-752-ya;trophee Lotus
"06879d2d-8e47-4abb-b713-7fbfa2e58d82";19;200 KM de l Historic Tour
"069993a8-3387-44f4-af97-831024ec817a";"50, 67";Racing Over 2L
"06ac6eb2-ef43-4e58-ac12-ddfd7720e564";"5, 7";trophee Lotus
"06df0198-c5ce-42a9-a89a-3574b948a685";"33, 90";200 KM de l Historic Tour
"06e78751-747b-488e-bdfb-01336fbaa719";34;trophee Lotus
"0706cc01-6096-4b40-8266-5c426fcd68a3";"2, o-one";SportProtosCup
"073bd284-ef75-4dc4-a188-3e10ae30bc85";45;Trophee F Ford kent
"0769db23-b927-4a9e-b959-adf062eca7dd";72;Roadster Pro Cup
"07795e21-a9ee-4d2c-9f6d-af01ee331c67";"40, www.z-rs.org, z-racingservices";Challenge F Ford Historic
"077d8261-efcf-48f0-b119-86d57efbaa90";84;GT Classic Saloon Cars
"0796c37e-5b86-412a-b22d-14f03af8f658";101;200 KM de l Historic Tour
"07bc41e9-f63e-44fa-97bb-04801a411bbf";71;Trophee F3 FR
"08084b95-50a7-4f1a-9ba7-3a643c318de1";16;Challenge F Ford Historic
"085fbe4c-3f52-4620-b915-58431ac6db9d";101;200 KM de l Historic Tour
"0881f5b9-4642-48fa-8717-7c8f63383d4e";30;Racing Over 2L
"08a414a9-ff94-4c08-9cc9-47a67644f42f";90;Trophee F Ford kent
"08a59a27-e6c5-4558-b870-72e500bd32ae";33;SportProtosCup
"08a5d7b6-7c45-4d1b-97ca-76b81ead302b";90;Maxi 2L classic Maxi 1300
"08c34eee-12b5-4bde-9fe2-b70d5331a3c1";1;Challenge F Ford Historic
"08ccf036-cb95-45f6-99d4-a4ed44f1dd78";69;Trophee F3 FR
"08df9aac-864b-478f-8b33-c24b247844b5";"112, 123";Roadster Pro Cup
"08e8fc9c-13e4-4539-aac1-0da18a298fa2";34;trophee Lotus
"08f94ec3-0340-45b8-8f08-0e1033e2e059";19;Maxi 2L classic Maxi 1300
"091b8534-4578-4265-bc39-c236ca7360f1";"23, 90";GT Classic Saloon Cars
"0934a0c4-ce04-4203-bac2-a667f7d98a22";666;200 KM de l Historic Tour
"0944e346-0a09-48f8-8b5e-a3c696f0b42c";67;Racing Over 2L
"09722851-dc55-41e7-9ceb-e00c3c82c88c";47;Trophee F3 FR
"097a5f26-743f-4e43-b9a4-46334b9d8d13";;Maxi 2L classic Maxi 1300
"09a060d9-f4f8-4fdd-8535-6d5be9a1facd";68;Challenge F Ford Historic
"09b3949c-b02e-4eec-8db9-9b4635f40341";"1, 2015, 2016";Trophee F3 FR
"09bae3b7-1b22-4c58-aa40-51645262a0a1";39;trophee Lotus
"09d7bb6f-f459-4790-ad74-36782685bbae";15;SportProtosCup
"09eb1115-bfdb-488c-964c-4459f4b07cf7";"50, 96";GT Classic Saloon Cars
"0a005b82-d45d-40b5-9ded-8253edb822da";;Roadster Pro Cup
"0a3d0af8-dfd3-4a69-906a-6ee47cb8457b";24;Roadster Pro Cup
"0a3ddf4a-40f5-4c44-b8c2-9c9982b201fe";;GT Classic Saloon Cars
"0a7baf67-8dd0-4856-b141-a7bc79605f2f";33;Trophee F3 FR
"0a8659e3-02a3-444f-9064-62259b717f57";23;Challenge F Ford Historic
"0aa1ec3a-6f57-4d20-89c0-20417a3363c8";69;Trophee F Ford kent
"0ac1872c-1a18-4574-b97a-6f0ffbd41f77";84;trophee Lotus
"0ad78414-96bd-4a73-90bb-4fa254db79c2";77;Roadster Pro Cup
"0adfa89b-3971-406e-9410-e255600bf22d";;GT Classic Saloon Cars
"0ae3d532-174e-4db4-a651-e6b8e75c7068";"82, www.mj-technic.com";Racing Over 2L
"0b10f725-5955-442f-ac2e-02f9e69eb88a";93;GT Classic Saloon Cars
"0b81499b-eee4-4b7c-b4eb-dec2b5fa8c23";7;Maxi 2L classic Maxi 1300
"0b8dfa0f-76ca-459d-9253-4000a848c0a4";15;Trophee F3 FR
"0b984d3e-ca91-4cf9-ab68-6a630b0a30da";47;Maxi 2L classic Maxi 1300
"0bbb7f9c-b9e8-439f-916d-127608f4c4aa";1;Trophee F3 FR
"0bf93516-43c0-4f06-81a3-cf01708cb82a";87;Roadster Pro Cup
"0c054bf4-6c93-4f21-830d-77a3b9abe2f2";;Maxi 2L classic Maxi 1300
"0c3d640c-0cb4-412c-832c-655506c95e0d";;GT Classic Saloon Cars
"0c5a25fa-b2ab-4adc-97f5-d9b82611291d";36;SportProtosCup
"0c5d39fc-281b-4c59-94e1-5d3c142f40c5";66;GT Classic Saloon Cars
"0c686ed3-8b6e-4371-b1c6-41220f0194b0";33;SportProtosCup
"0c68eef6-0e8b-42e0-a64f-a1f3ac81dbfb";"16, 28";Trophee F3 FR
"0c70d339-2b13-45b4-89b5-2878dbbcf52f";;GT Classic Saloon Cars
"0c9ab939-aacf-4bac-a513-9060a2a9cf08";;GT Classic Saloon Cars
"0ca9e415-4b63-4a7d-8cbb-3c47fca9932f";36;200 KM de l Historic Tour
"0cfad712-e0d3-48a4-b1cb-a2c5e70f2410";;SportProtosCup
"0cfaeee0-b919-4514-a94e-96de7ad4d956";83;Trophee F3 FR
"0cfecc0d-c6b8-414d-a850-ecfe1d4e8436";666;200 KM de l Historic Tour
"0d49eae9-a881-4572-a4da-f04cc6d31855";886;Youngtimers SuperBerline
"0d4b7cfc-f394-4600-a062-b7253b2cc446";13;Trophee F3 FR
"0d8461e1-d686-4bac-9f0a-b7b279a62ae6";68;Racing Over 2L
"0d99d377-7bee-4172-8550-124d352ceb29";17;Trophee F3 FR
"0e146c6d-6b12-4a38-8ecb-83ea5a6e0190";8;Racing Over 2L
"0e33ccb0-e2c8-420f-aaeb-404895fbdc96";17;SportProtosCup
"0e49eba3-de85-4b94-9207-2d420713f00f";16;Maxi 2L classic Maxi 1300
"0e689925-23b7-4ac2-9955-ee5a307feb55";9;Maxi 2L classic Maxi 1300
"0e7432b5-7f32-4036-86aa-dde542c7d0ab";83;Trophee F3 FR
"0e79cf3e-34e5-46a5-bf7f-ea742eb4f12c";;Roadster Pro Cup
"0ec0a589-0d41-42d6-9e79-555d31177222";37;Trophee F3 FR
"0ee64c5c-4a18-4dbb-ae93-696f333d2bae";12;Challenge F Ford Historic
"0f0aa16c-6b99-4aa3-a5f6-a06050eaf955";36;GT Classic Saloon Cars
"0f1acc78-737f-402c-8553-7b1430fd89eb";101;200 KM de l Historic Tour
"0f52162e-e497-4375-b4f9-91fa76272bdb";;GT Classic Saloon Cars
"0f6e0441-4ad6-4bb4-9458-d58189a5cc7a";"6, 96";Trophee F3 FR
"0f700f8b-8204-43f3-92e6-8a5e30ad6159";143;Trophee F3 FR
"0fb9ef1d-1814-4a8a-a15c-54ac462fc0db";"3, 69";Trophee F Ford kent
"0fc686d0-464f-497a-a656-b6a80a2f4a7b";187;Roadster Pro Cup
102deb7b-2e48-43c9-bc7b-9573c46d96af;fn-390-tx;trophee Lotus
10307489-bdb7-4c1e-81de-4704e1f65460;"3, 80";200 KM de l Historic Tour
105da638-6630-4378-9a7e-d8f272219e31;90;Maxi 2L classic Maxi 1300
10d3a17c-2579-4f25-a3b1-f1d856b1f0e0;"119, 77";Roadster Pro Cup
10de497c-e017-4a50-9c20-7729cf178475;847;Youngtimers SuperBerline
10e0e744-1050-4e52-8239-e14b58f78647;1;Racing Over 2L
110a91f3-f1af-492d-bb2d-9d700fb4c7d0;13;SportProtosCup
11127264-9c53-4d44-be19-e59618b4a708;143;Maxi 2L classic Maxi 1300
111a5ca5-9f23-492b-a82e-08ca2e975c07;666;200 KM de l Historic Tour
117fe000-51cd-4243-b0d3-f0d0e37f561d;67;Challenge F Ford Historic
1199fc3d-e8bb-4146-a455-cce329c184f9;55;Challenge F Ford Historic
11c66376-61a0-4796-9861-69c906082715;;GT Classic Saloon Cars
1219a43d-03c1-4313-8c37-3c9e0c2bec67;51;Challenge F Ford Historic
123c9dcf-0d41-44c2-a9de-31a3a34f0dc8;"169, 32";GT Classic Saloon Cars
124468c4-c425-449c-b5e2-275cd4bc7e3c;"13, dordogne-peri";Trophee F3 FR
1249b6f4-3773-4420-9cc4-8f1277bfc4ed;22;200 KM de l Historic Tour
12582e5e-a4dd-4166-b61d-dbcb42920260;742;Youngtimers SuperBerline
12878d84-48f7-4769-9653-ab73ed6027bc;777;Youngtimers SuperBerline
12a38b8b-41b6-4e97-8f89-0b3731e61aef;1;Trophee F3 FR
12ca291e-b96b-47bd-95bd-57fb23e0630e;143;Roadster Pro Cup
12e41e05-3573-4ff8-b18b-a0acd938e7cd;18;trophee Lotus
132e6425-c256-4149-8a43-b9978cd7c7c8;;Maxi 2L classic Maxi 1300
132ee366-ff00-4116-adbe-fec34520ad99;"50, 921";GT Classic Saloon Cars
134e8627-ade9-4008-abae-d8ef7a2202ac;777;Youngtimers SuperBerline
13ce156b-c749-4f22-8a51-ba608bf085ba;818;Youngtimers SuperBerline
13d6aaa1-a6f9-41a7-92c0-5be4f5d50c24;143;Maxi 2L classic Maxi 1300
1405ada0-a4ee-473c-a7d8-83ba696f3b0a;30;Racing Over 2L
141c5348-489d-43eb-9ee0-4a9603815d68;22;Trophee F3 FR
142732b1-6c7a-4945-b9b6-a7e46d3e98d9;36;trophee Lotus
144cd0f2-011d-4059-9b55-6d0c39b72a3c;34;Trophee F3 FR
1455e599-feb0-4aa4-ba62-319d4b5e8cef;40;Challenge F Ford Historic
145ed809-a6df-467f-8ad3-2756a8372bdf;"42, 50";Challenge F Ford Historic
1484e395-e62e-45c1-b569-fcce0313f6b0;18;Challenge F Ford Historic
14b4b7ba-a683-49e4-b58d-bf60991b96b1;15;SportProtosCup
14b92852-7ba4-44ff-b5a0-51032f95229f;73;SportProtosCup
14d9e9a5-4d76-47ba-a4e2-d28063a2c2e9;34;Trophee F3 FR
157545a9-0842-4941-bbcb-869bc5e1eda1;33;Trophee F3 FR
157acafd-3da2-4965-b4d2-07e09ba94692;17;SportProtosCup
15963c6d-d6a2-484d-af2d-fb5644f6128f;"19, 20";200 KM de l Historic Tour
15b1dc42-8b6d-4ac2-a104-2d0a5e1945a0;7;200 KM de l Historic Tour
15b9532b-9c4e-4d23-9d43-096343219b54;23;Challenge F Ford Historic
15bd4714-44bb-44d0-aa4d-3c481c22b0b9;45;Trophee F Ford kent
15dd668a-fa53-41ad-9950-563377c4daa6;66;SportProtosCup
15e39c4b-9fbd-45b0-9038-b764e670073a;10;trophee Lotus
15f9c144-37f7-4f02-a7d2-0cabec56f0bc;17;trophee Lotus
160982bb-c6f8-4e9a-9a28-cd74e7b343f8;10;Trophee F Ford kent
1641c1b2-3922-46d5-83d2-68fbf7d8657e;707;Youngtimers SuperBerline
164a9e62-d40f-4194-a30f-73c7fc2bdaaf;29;Racing Over 2L
166d8634-0a84-4fa2-ae76-f07b633eede3;96;Trophee F3 FR
16791096-fb16-4ed2-862a-c66e80f15765;40;Challenge F Ford Historic
1714ce66-eefb-4ba0-aa38-a19f83fed63f;10;Trophee F Ford kent
171f76ac-904f-47e0-89a2-889fb0d669c2;;Podiums
17923e17-a6c6-42ff-b22b-10ded302ce87;37;Trophee F3 FR
17f9ad8e-28f1-4bee-8be2-64c34a50c9f2;996;200 KM de l Historic Tour
1810592d-048c-45a3-97cd-6f143f4d99d7;1;Challenge F Ford Historic
18d80c71-f70a-4299-b461-d6a833dfde2a;27;Maxi 2L classic Maxi 1300
1907333c-9cca-4f21-a06a-f86f31d7af2d;83;Trophee F3 FR
19118c9d-3058-43ee-9c9c-f48819f6cc98;"66, 71";GT Classic Saloon Cars
19264119-8e17-4fae-ae49-369b31266492;71;Trophee F3 FR
1940e14a-dd8c-4f5f-bdbd-672ac7951f59;"12, 17";trophee Lotus
19486e52-8b4d-459f-a595-d41c8c10b23d;169;GT Classic Saloon Cars
197998fa-4829-4df3-b91c-11cc4488ea17;;Podiums
197a2ff4-64e9-481b-9e9f-81ee17a72c69;12;trophee Lotus
198552a9-07c3-450c-b5a3-0ab1c7fb05ea;707;Youngtimers SuperBerline
198b93d7-f5fa-4c17-a4d4-b34bbe14f5c0;35;trophee Lotus
19d74400-a739-472e-ba87-d090f7d1ad2a;19;GT Classic Saloon Cars
1a3d3221-47d5-4155-a936-a161aab8eec6;;Roadster Pro Cup
1a3d6cfe-7f12-4962-a6e5-828ed0484de8;36;trophee Lotus
1a5c9c36-ea11-4197-a249-e0b8a4ddf219;1;Trophee F3 FR
1a726e2f-d02a-4fa7-bd9e-1c95546b87d4;1;Racing Over 2L
1a78d6a9-a71f-402c-980e-4aac17117cf9;"3d, 51, 69";Trophee F Ford kent
1ac15a6f-9d4a-477b-9505-ffa7e617a637;"156, 707";Youngtimers SuperBerline
1af43234-9717-4f6e-ae13-09d7995d7feb;777;Youngtimers SuperBerline
1af807ab-a75e-478f-8085-685b78b4e917;7;SportProtosCup
1b2bd153-2016-4a48-98ed-11fe96ee0273;818;Youngtimers SuperBerline
1b3f804e-707e-4dea-8a2b-e749471e5301;74;Maxi 2L classic Maxi 1300
1b540a76-3ebb-44d3-abd5-bc91d65ac604;;Podiums
1b6194b3-c70d-437d-947a-635fc4375242;"2000, 9";SportProtosCup
1b7687a2-d189-4840-97d7-1d6082e9b9f3;23;Racing Over 2L
1b853862-4191-496a-854c-7b98874dbd9d;"2, 42";Challenge F Ford Historic
1b98c3a7-8a42-4f6b-bee4-264305a83625;44;trophee Lotus
1bb0b1de-41ee-4cd0-b337-dc959ee10b46;50;GT Classic Saloon Cars
1bfacb03-4fe8-4d1e-aa83-2e610981f776;"37, 47";Trophee F3 FR
1c0460a9-baa7-43d5-a060-2c333dbe262a;143;Maxi 2L classic Maxi 1300
1c60fe6e-f426-4c98-bd18-9f6425d72b0f;47;trophee Lotus
1c721e4c-8104-48d4-a801-fd0750a1f973;81;SportProtosCup
1c98cdc6-bed5-48b0-8ce2-940a49458a18;"123, 28, 8";Roadster Pro Cup
1cceb211-c105-4564-9489-bf1e8fbe0cef;;Podiums
1ce1175b-7eec-4191-ab53-13458f927087;81;SportProtosCup
1d01fda1-7072-4887-bd08-16c1729713a3;"7, 71";trophee Lotus
1d42c074-457c-4a0e-9677-842d9fa9312c;97;Racing Over 2L
1d4684da-69ea-4bcc-ab8e-ca02c65b5771;143;Trophee F3 FR
1d88efc0-90b7-4d99-b6a7-90b85c5f7ebc;23;GT Classic Saloon Cars
1d8c44ba-1925-479b-8c17-21d08eb1da3c;36;SportProtosCup
1db1bc0e-76c8-4853-9aff-df15b0624f4b;28;Roadster Pro Cup
1dbe1dd4-5971-418e-beba-2137cb438382;22;Maxi 2L classic Maxi 1300
1ddcdba7-9070-4eb8-8043-47442f1b0742;16;Racing Over 2L
1e2f7681-a680-4f14-8db7-b4bf5f787f7e;"134, 35.cesson-sevi";trophee Lotus
1e3aa496-f3e2-4f2e-bab3-c4bf885bef6e;"34, 39";trophee Lotus
1ea783db-a668-44cc-88c5-d2df7cd0c665;84;GT Classic Saloon Cars
1eb6dc1c-c834-48da-9a64-3a5f33706860;74;trophee Lotus
1eb6f372-2f26-414c-a0cd-08274dfe55c6;11;Maxi 2L classic Maxi 1300
1ecf27cb-b2e7-45cd-83a0-7dee5ced938c;17;SportProtosCup
1f0054d6-b56e-4c2c-93f2-8dbf4733e32d;"18, 18r";Trophee F3 FR
1f0ce7fb-4af6-4b05-86c0-e92c29a2e029;9;trophee Lotus
1f2fb270-ae60-40eb-b3f8-da527eca7203;37;Trophee F3 FR
1f3f3adb-20ed-4cbf-8b42-fec0d6e41e41;1;Challenge F Ford Historic
1f7d730d-cbf5-4d15-870d-4a9823c08a44;;GT Classic Saloon Cars
1fdffa4d-db49-459d-8b40-6778d4d81537;17;Trophee F Ford kent
202a45aa-c2a2-4ff6-8a8f-7f261c2fbeed;707;Youngtimers SuperBerline
202e0d6c-b326-483a-8758-635f2af1a9a3;42;Challenge F Ford Historic
20386403-030c-4b0a-ae97-67955de7be8e;37;Trophee F3 FR
20538417-0372-463c-b2ce-dfcc5a913fd3;666;200 KM de l Historic Tour
20555813-d742-41b5-a70f-d40aaef3dd6c;5;GT Classic Saloon Cars
2063baac-193d-44ed-825c-072758194693;10;Challenge F Ford Historic
20719953-5e55-4112-a4a2-a0a44cf32fd6;"143, 74";Roadster Pro Cup
207a675b-3e8e-406e-8e39-b091aa0e11bd;9;Maxi 2L classic Maxi 1300
20f5240f-5022-4f5d-9370-8b08767fd0c5;;Podiums
20fd7fa3-c03d-4165-90a0-d9c20cd7c2e5;27;Challenge F Ford Historic
2114e6be-c432-4a46-b9ed-a0a6c3c9df42;74;trophee Lotus
21255769-ceac-4713-becb-5d85d000fc41;;GT Classic Saloon Cars
21771fc0-04c6-4ac8-8ac6-483ba728f4d0;"177, 1967, 25";Maxi 2L classic Maxi 1300
2204637e-68fb-4252-9e42-af9cfc27c0b7;36;SportProtosCup
2253b16b-bcad-48aa-8694-b57d9d09fe1a;67;Challenge F Ford Historic
228a37c0-3042-4395-ba24-8eab770bd651;74;trophee Lotus
229a8cf4-a08a-4bd7-a97d-a95abd39a49f;"12, 99";Roadster Pro Cup
22b03162-5d4d-4acd-a873-75b41cae64fc;"1961, 61";Challenge F Ford Historic
22c0cf9d-9984-43b2-ab9c-ebf17a7385b9;;Podiums
22dbae71-a751-4db7-b824-9095a7c204bc;46;Trophee F3 FR
23242d67-e4ea-49f0-a260-fea6af8364d5;;Maxi 2L classic Maxi 1300
236beb96-583c-41e2-8b26-68439e1fc081;36;GT Classic Saloon Cars
23b13c49-9bcd-438d-bdc3-dd149f500f4e;;Podiums
23e668f9-306d-4ed0-a2b1-a994e4357bff;13;Trophee F3 FR
23f3d6e2-d7c9-4cef-a79a-806dd6b01774;96;Trophee F3 FR
240530cc-4636-4998-8a04-7b83e12236db;21;Maxi 2L classic Maxi 1300
242dbe41-7959-409b-980e-c9fb2b5e09b5;27;Maxi 2L classic Maxi 1300
24467d0d-aae6-487f-bdb3-0c92fb384287;"22, 96";Trophee F3 FR
247ee0e4-bbff-4e20-8135-6078f98fa393;13;SportProtosCup
248f0680-ddcc-47ee-b3ee-6836ad7269d2;;Trophee F3 FR
2499351b-fd06-4855-8d35-ddbca5025359;18;GT Classic Saloon Cars
253115ab-e874-419e-bcd8-c85f45c1977f;27;Challenge F Ford Historic
25817a30-a646-4208-aac2-2dc508d9ff55;90;Trophee F Ford kent
258d201c-bd51-4d74-a19e-a96746f5e76c;666;200 KM de l Historic Tour
25933fdd-3348-4f1b-b470-a0056a0126a4;68;Challenge F Ford Historic
25aaa283-e3ef-4b06-8a05-f6240e348dbf;36;trophee Lotus
25b25275-1ba5-4634-9181-a6aa48c5332b;71;Trophee F3 FR
260576ce-5266-4d09-9bdf-2cb049359ab0;71;Trophee F3 FR
26381d9f-9a84-474d-b170-2f48d76dc8ee;51;Challenge F Ford Historic
26538135-dc38-4265-b64d-79fd9c4f31f4;18;Trophee F3 FR
2654c660-9037-48dd-a04b-082343a1125f;36;trophee Lotus
26b0d6a4-a43a-4666-9698-93efc3c0fa46;119;Roadster Pro Cup
26ccdda8-9e99-4dd2-a202-e29c9f14c049;"11, 65";trophee Lotus
26d1a539-00b6-4df9-8544-9d87c1fe2034;128;Trophee F3 FR
26ea7a0f-57df-494a-9e4a-39c095f3a3d2;119;Roadster Pro Cup
26f2f627-c461-4f01-82dd-ab55fb620688;13;Trophee F3 FR
273aee4c-45c6-4f7c-913b-9cd7d4f507ff;68;Racing Over 2L
27596e8e-b6dd-41f3-be45-2058e43d8e1e;47;trophee Lotus
2763a091-1d4e-4278-992d-272f8f9a5d0a;34;trophee Lotus
27816cdc-828f-4bc2-85d4-14f1f6eb45ec;101;200 KM de l Historic Tour
27b291a0-d5bc-46f0-8aa4-654e30510d59;"2000, 9";SportProtosCup
27bd6d31-4334-4825-9c8c-6d82dd477fb1;71;Trophee F3 FR
27d74a31-5575-45b2-b140-b98677366ab1;15;Trophee F3 FR
284c98d4-2fe3-419e-abd5-af6b537751b0;63;GT Classic Saloon Cars
286be104-fd96-4f75-a556-fdb01ca24fe9;"19, 20";200 KM de l Historic Tour
28b0a65d-ede1-41de-934b-22300d7453ce;128;Trophee F3 FR
28ead892-cc33-4f63-a40d-aa8e735e47d2;;Podiums
28ebde26-6bd4-4d5b-a65d-dff080fdd4f2;"2, 70, 77, 9";Roadster Pro Cup
290be85e-8959-49f2-baa4-2eaf7e62f40d;43;Maxi 2L classic Maxi 1300
29395287-16c2-4f65-aa1f-f2bfd9364a0a;"13, dordogne-pe";Trophee F3 FR
2954286f-3e80-41a4-ae68-14a156075c0b;27;Challenge F Ford Historic
29dfa65f-2db1-4994-8394-46b8df5a9742;"9, 90";GT Classic Saloon Cars
29fb6c60-0a91-4150-ba44-0cd80d41dd34;19;200 KM de l Historic Tour
2a843bd6-e13e-4c77-b8bf-7df8b17352cd;"17, 73";200 KM de l Historic Tour
2a8ce8f7-9220-4ab2-9eac-96e59c616fed;9;200 KM de l Historic Tour
2ad490a1-85ef-4aba-9c7b-0d41aa10e6f2;888;GT Classic Saloon Cars
2ad4aba0-c9c0-4a0e-a6eb-5879d3d0826e;9;200 KM de l Historic Tour
2b4ea6e8-d9ef-4915-8f81-4d63b7f6dca5;8;SportProtosCup
2bc20459-8e75-4f99-bc02-76f3fa9fb40e;66;SportProtosCup
2c1027bc-659e-4c1f-ab78-d4c835b0b891;66;GT Classic Saloon Cars
2c55f9aa-21d9-4db6-8b29-9687ec51f834;"36, 73";SportProtosCup
2cbb1aed-0c86-4bac-b667-eeb0ac4b18af;51;Trophee F Ford kent
2d0bdf6b-8054-4cab-a95b-b8508a3c4254;18;Challenge F Ford Historic
2d1aeb60-0109-49fa-8bb7-c10d3b73986d;666;200 KM de l Historic Tour
2d34b6cc-9400-454e-93c0-bd8c8c83cbdb;17;SportProtosCup
2d5efd01-9793-4719-bcf2-a702a5e3dc53;"77, 777";Youngtimers SuperBerline
2d9a4d5c-8e89-480c-adeb-4676fdd27bb2;fn-390-tx;trophee Lotus
2db87a1f-06bd-4497-be7c-b1a8d550a14a;33;SportProtosCup
2df56368-2946-4e8f-bd72-67a25c525bd2;;Roadster Pro Cup
2df9310c-edc0-484b-898b-d19bb0f6c5a1;5;GT Classic Saloon Cars
2e1a8da1-6a2f-4a7b-8288-a37c7bd6244c;22;Trophee F3 FR
2e76f873-e9a5-4a34-8d0c-43137cc14e10;777;Youngtimers SuperBerline
2ecb6eec-0617-4e4e-82c5-4443fc0106e9;9;GT Classic Saloon Cars
2ee6dc7b-44ff-4f4e-b982-8d396c6bef95;886;Youngtimers SuperBerline
2f17d069-ddc9-4fb7-b8bd-f72f75be3cc1;"2000, 9";SportProtosCup
2f32e229-a8db-4496-b534-839a5c0f0f88;27;Challenge F Ford Historic
2f58e7cd-ed90-4d4e-a095-79cd88160e54;20;GT Classic Saloon Cars
2f5a7b27-fe97-4bd8-a55f-50b5264fc971;430;GT Classic Saloon Cars
2fb6caf8-a714-490b-b393-c6823248f650;"28, 8";Roadster Pro Cup
2fc2045c-d45e-4b46-b86d-e63983a28c6e;"22, 240";Trophee F3 FR
2fe0d295-b942-4670-94e7-9a76f54c63e2;818;Youngtimers SuperBerline
300d6525-2493-4bfe-a447-72a5fb7b92b4;143;Trophee F3 FR
30138d3f-c050-4c37-9625-de4e3044217b;10;Challenge F Ford Historic
302692f2-fb77-4fef-8ed4-27c2a0b296f0;50;Roadster Pro Cup
303d7b80-1ae3-45cd-8db0-44db92e52f9c;28;Trophee F3 FR
305e62a6-b826-4a32-85c8-34b37def764c;34;trophee Lotus
307e37aa-a99f-4191-99f3-14cae2e3ab7f;27;Challenge F Ford Historic
3090b310-d72b-41be-a393-14ed429f35a4;18;GT Classic Saloon Cars
309c975f-3eb5-4c65-8d57-1a4b586eb1f7;7;SportProtosCup
30ca7112-f583-4194-a69e-8ade846fcc57;27;Challenge F Ford Historic
3103eae4-41f7-404d-a050-c0539227c27e;67;Racing Over 2L
3114933b-ca37-432c-b281-1d506599ac35;34;Trophee F3 FR
315dddba-c72b-4bbc-ad60-50bee615dd40;97;Racing Over 2L
31863ec1-76c8-432b-ac32-6bc021f19d61;30;Racing Over 2L
31931955-72a9-4121-80d9-2a5aa274ea4c;111;200 KM de l Historic Tour
319e0424-bd82-43de-8e11-7c926f2e266e;;Maxi 2L classic Maxi 1300
31b966bd-aa7b-403e-8f61-cd0659bd50bc;;trophee Lotus
31ff8cc1-22d3-4abb-bb37-0f74573290e4;;Maxi 2L classic Maxi 1300
320a0772-5397-411f-bb64-e1203d8a27c9;10;Trophee F Ford kent
320d62be-9f8f-435d-8a07-dbb5fb89c845;16;200 KM de l Historic Tour
325729a3-b296-436a-ab7a-02913b92af1d;7;Roadster Pro Cup
3259d1a4-24f9-4dbf-aa73-53544166eb4a;35;trophee Lotus
32bf8071-b4a4-4731-a0f6-4428b1fca8dc;51;Youngtimers SuperBerline
32ffb564-619d-4f68-b58f-694739e75487;"119, 2";Roadster Pro Cup
333a57e0-9e74-4be0-88d9-7a8b6ea76727;55;Challenge F Ford Historic
333a6e4f-2e50-4f96-a5d2-836f419632f8;;Roadster Pro Cup
333e7b03-93ce-4195-ab04-b47e507ca774;707;Youngtimers SuperBerline
33412343-dbf4-4e59-8a17-cd07be9a5e8a;"887, 92, art-vins";Youngtimers SuperBerline
33670a62-154e-4614-9ea5-ad6f6f3bd9a9;;Roadster Pro Cup
33839e97-9895-40ba-b726-a520a96f68ed;18;Challenge F Ford Historic
33a3fce3-f3af-4208-ae4b-f04074a8aeb9;16;Challenge F Ford Historic
33b25d77-eef8-4708-bc9f-3be217007ed9;28;Trophee F3 FR
33d536a2-c229-47ed-92c9-8042ce7ac388;8;Racing Over 2L
345fd193-22e0-4e31-9382-a45b6b49419c;10;Challenge F Ford Historic
34b9b735-9f18-4013-98a5-04939c0221b2;13;SportProtosCup
34c8aa74-07d1-48df-a940-da307fc03930;19;GT Classic Saloon Cars
34e23b09-6c33-41d5-8aa2-db679774466e;"35, bw-180-ek";GT Classic Saloon Cars
34f6ea98-207f-4ea0-9767-747dea89ea9b;12;SportProtosCup
3506cc0c-e65a-46b1-aecf-249cb33146b0;"143, 74";Roadster Pro Cup
353b262f-631d-47d2-a2a8-0c090be4e7ef;240;Trophee F3 FR
357e0a84-efdb-4020-b344-acee1df53452;2;SportProtosCup
3581adf2-3f7e-45ca-b971-8a1b1917c2e1;"54, 562-yd";Maxi 2L classic Maxi 1300
35dee51c-59f3-48cd-83d3-4202c1ff06b3;36;SportProtosCup
35e5f73f-1b53-44c6-bf25-b4b91de2a0ac;847;Youngtimers SuperBerline
3603e19c-9996-45eb-98a0-19965aeaf083;1;Challenge F Ford Historic
36357311-6ad3-4d70-b142-fd46621eb1be;;Podiums
366e8ac6-dd25-4ef7-be0e-511214f02b65;55;Trophee F Ford kent
36736e9c-3332-4ecc-b23f-b4eaf1a3a63f;"12, o-one";SportProtosCup
367c2deb-89ed-4ed1-b13f-554fee072152;;Podiums
370d8db1-a37f-4e13-a98b-c298ec4343d0;19;GT Classic Saloon Cars
372f5a27-9d42-4389-ad2b-4c21a751fd07;1616;Challenge F Ford Historic
37302785-11c2-4be1-9271-325f5e767021;10;Challenge F Ford Historic
37eb21dc-b1a2-4241-8e22-bac31e96495c;12;SportProtosCup
38662562-014a-4ddd-be44-937223814802;707;Youngtimers SuperBerline
38743630-4539-4361-a4ea-ce0f22d11e84;19;GT Classic Saloon Cars
38dcb9ed-edc4-4411-ae49-0d092a94963a;;GT Classic Saloon Cars
38e8d223-a3b8-4a37-a5ee-b9f4a7f45b30;"169, 60";GT Classic Saloon Cars
38f1fc53-c1ff-4e94-9dd0-b6407f3c374c;96;GT Classic Saloon Cars
3902caa1-a844-40f5-8fb4-d70a489ace8d;12;Roadster Pro Cup
3936e75b-ec3f-4588-ae2e-14894ceccd61;82;Racing Over 2L
3937dec6-0ae8-4743-8dde-5edf2ed2c69b;36;GT Classic Saloon Cars
397751ec-bc4b-4168-959c-f5e0d694d002;47;Trophee F3 FR
398ed6b5-b5c0-4ef1-b70e-73f46f86fa95;17;200 KM de l Historic Tour
39d4c546-0038-47ae-90b9-42b05721ea1c;"11, 32";Maxi 2L classic Maxi 1300
39e0b220-564d-46ba-a65e-f776d95e506e;83;200 KM de l Historic Tour
3a32ad16-8b9b-4275-8f12-5ed9bde4a994;8;Racing Over 2L
3a6c51ae-a78a-45d5-9b94-f875e04e209b;"1, 13";Racing Over 2L
3a81d309-65d8-4b7c-83c6-eb3b10215805;"1000, 16";Maxi 2L classic Maxi 1300
3a8edc1d-9e90-409a-8ff4-b8f03f197744;"112, 143";Roadster Pro Cup
3a985365-0912-4b07-b549-59572da1486d;96;Trophee F3 FR
3b1b9361-adb4-45f9-973b-b6f5265d8850;12;trophee Lotus
3b2b9321-1aec-48eb-8b17-6ae215ad3271;;Roadster Pro Cup
3b4e8d6a-74aa-4ddd-9742-e39b117774f7;27;Challenge F Ford Historic
3b6c05f8-0618-4a88-9259-fac67af27836;47;trophee Lotus
3b73bd40-279a-4717-8852-d0aa880f84d0;72;Maxi 2L classic Maxi 1300
3b8104bb-1f21-4e63-935f-42883e5e9578;;Podiums
3bbdc618-7822-4727-92d4-4b59fea7b469;17;SportProtosCup
3bd2bee9-5a7a-43a8-987b-39ac42d5d794;34;trophee Lotus
3bd3d9cb-5f30-4f90-9f58-de0c66da474f;26;SportProtosCup
3bdc8d73-cf85-4d5c-a55a-3067988e940c;"13, 2021";Trophee F3 FR
3c0c4522-b282-4b52-9f0c-34d9163b93e4;73;SportProtosCup
3c6d7b8c-db81-4733-997e-63e22d960abf;78;Challenge F Ford Historic
3c96b322-9b50-445c-b5a1-944544b4266c;24;Trophee F Ford kent
3cdf84f6-824a-49d7-b8d1-1c66fe21a8df;;GT Classic Saloon Cars
3d4ea2a8-96ea-4095-a442-1df5c29084d6;17;trophee Lotus
3d928a2e-67db-438e-b352-1784b062964a;5;trophee Lotus
3e1459a6-be29-45a8-8d10-6b553f614b2e;17;SportProtosCup
3e79efd7-c0ec-4be3-88ef-1fc078110790;8;Trophee F Ford kent
3ecffefe-088f-43cf-878f-b1babeadbb6f;886;Youngtimers SuperBerline
3fcf78a8-226d-41ed-a888-32cff1f514cb;4;Trophee F Ford kent
3fdc823b-4706-430f-ab5e-dadbb6a17741;21;Trophee F Ford kent
3fe5c0a6-2dca-48a0-90ed-45ce6180bc24;77;Podiums
3fe9a1d0-e8b7-4e9b-83a2-6ae3f346e47c;23;GT Classic Saloon Cars
3ff72b1b-4626-41b3-b099-1e3c3f873ed5;16;Challenge F Ford Historic
3ff8b5ef-36b0-4e06-83a0-ad11c51cfeab;12;Roadster Pro Cup
3ff93a57-87d1-435d-b520-c05d7a117a6c;61;Challenge F Ford Historic
3ffffb0f-5067-45dc-9a25-1532cc786c89;72;Challenge F Ford Historic
4006ff1e-85dd-4bdf-ad4b-180f19f00228;90;Trophee F Ford kent
41054dc7-70d5-4e64-b12c-04c012494ea5;82;Racing Over 2L
41267833-b720-4d32-903a-839b5fab5e8a;83;200 KM de l Historic Tour
414bf1d3-d733-4208-8a65-1a0bc81d7d2a;"61, 84";GT Classic Saloon Cars
416ddae5-eaea-41b0-95b8-e7622fc212be;30;Racing Over 2L
4193fc6d-cd46-425e-a537-cde1cceb068a;;Maxi 2L classic Maxi 1300
42384dd4-5fc5-4ea1-b0f0-7cbdcc0c7fb0;114;Racing Over 2L
425ac690-2658-4dd0-811a-9926ba2895c3;;Maxi 2L classic Maxi 1300
425f9468-729d-4905-8666-d431d0611f77;111;200 KM de l Historic Tour
426f733d-4171-4f41-b684-7b11f86037ed;28;Trophee F3 FR
4286f853-0d5c-4d61-b6e3-1fe6a2bc25b9;23;GT Classic Saloon Cars
42ae306c-c6f6-4549-92e0-fb4d49a59c16;"10, 16, 34";trophee Lotus
42afb947-af44-4a2f-bf76-49a3aaab56eb;"42, 78";Challenge F Ford Historic
42b39134-cf13-4ee4-a4a6-8075f8a1e05b;36;trophee Lotus
42b9f65b-540e-4dc7-93f4-0c3fdf097a94;143;Trophee F3 FR
42c8265b-0752-4456-9201-cd3c4b74f79e;"63, 9";GT Classic Saloon Cars
42de9721-1044-4fc5-aa09-6e50792b494c;72;Challenge F Ford Historic
43295aa6-7cb9-41b0-b7d1-fd72f3eefb42;"3, 5";trophee Lotus
432c9d1e-0bdd-4408-aee1-79a85de9e14b;888;GT Classic Saloon Cars
433a55f4-9245-4ce5-9031-ace983b41a20;"3, 33";SportProtosCup
43778ca7-74d0-4534-a8d9-cce9eb9fd79b;36;200 KM de l Historic Tour
43a87d19-4868-4f36-9572-9f81ce26837b;73;200 KM de l Historic Tour
43b86a63-63fd-4ad9-9e8b-1ff6a11d1cee;27;Challenge F Ford Historic
43c31937-f467-423a-9d72-669de6936218;17;Racing Over 2L
43f8ec2c-3fa8-4dec-b082-dbbb3a252400;418;Maxi 2L classic Maxi 1300
4430f698-1d77-4eb2-a975-da36682d40d3;1;Trophee F3 FR
44748b09-f15f-4fec-b42b-4553c8e62a7c;47;Trophee F3 FR
44ab91a6-71ea-4958-b4a8-e3d729decfb8;"2, o-one";SportProtosCup
457de849-88bf-4681-86a4-17f0bb17e451;16;trophee Lotus
457e2a34-5897-4998-ab71-4bd0e9b94ace;;GT Classic Saloon Cars
45865461-ccec-44a3-9421-9e50d75f12fa;1;Racing Over 2L
45cfb199-8f62-4a90-a9b4-825a54e892de;20;GT Classic Saloon Cars
45e2d0c4-4bc9-46f8-853d-9d57f8691623;114;Racing Over 2L
45f16dde-c41e-43a9-9aa9-02f39eea6a93;51;Youngtimers SuperBerline
460a82d4-45f1-4d3d-a6a4-ecb96dceebf8;143;Trophee F3 FR
46137971-deb4-4662-8be0-94b604879890;996;GT Classic Saloon Cars
462ab770-a531-46fa-b277-d483b2f57a37;2l;Racing Over 2L
466db76f-edc6-487c-8714-8eb70e38e339;12;trophee Lotus
46cef4d3-0ffb-4ee2-84b9-3574c200d74a;24;Maxi 2L classic Maxi 1300
46db7486-d50f-4fc5-ae39-ec226432b0f8;28;Trophee F3 FR
46f6b3e4-0698-4f02-acf4-3eda651c2e08;34;Trophee F3 FR
4784b6fd-dfac-40c8-b9a9-a06ca04f9a8a;30;Racing Over 2L
479031ec-70ef-43a6-9409-03c057f4b13f;"35, 70";GT Classic Saloon Cars
4849f860-f451-4429-999c-83c8c605d3a9;886;Youngtimers SuperBerline
484e2e4d-3b5b-4cb7-9bfd-458122361453;15;Trophee F3 FR
48d7632e-9b26-42c9-b2fe-4b758c937eda;47;trophee Lotus
490bb3a6-3237-481d-a233-96a71d000fda;777;Youngtimers SuperBerline
49313a01-3595-4321-b016-96f7270e058b;67;Challenge F Ford Historic
4939128f-a293-462f-94f5-d06526917b6a;1;Challenge F Ford Historic
49505167-70fc-4c55-9595-cdfadb3baead;222;200 KM de l Historic Tour
4959445c-572e-4140-addb-c2209afa4bc4;;Challenge F Ford Historic
4a1ffa48-1cb5-4c9e-941b-1abb3a8713dd;bj-134-ez;Maxi 2L classic Maxi 1300
4a8e4ad7-1711-41fd-81bc-9d9360c0c38d;55;Challenge F Ford Historic
4aaf7be8-62e0-4755-91d8-12d176aa6cb7;18;Trophee F3 FR
4b52d664-7cff-429a-a7e7-56635ebbec00;15;SportProtosCup
4b6f6535-8691-4940-94e6-bd02a175584f;30;Trophee F3 FR
4ba3f377-8758-49c0-b3e5-d23fb0d027a2;23;Racing Over 2L
4bc11d95-a619-4bd8-8712-121882b0f440;23;GT Classic Saloon Cars
4bd2ab06-eadd-415a-8df9-11ff67e02793;;Podiums
4bf88f3e-cf4f-439f-b359-c8f7a0704628;3;Maxi 2L classic Maxi 1300
4c23b8a5-04a9-4e1e-80d9-4beddcb6b887;"12, 143, 74";Roadster Pro Cup
4c40ae7f-3693-43b0-b081-54d2d8af1e86;;Maxi 2L classic Maxi 1300
4c9731c7-59a4-4cf5-b7c9-7f56a9329397;6;trophee Lotus
4cb4a76b-be5d-452d-aad3-965bfe4aa3ec;111;200 KM de l Historic Tour
4cc18939-d551-4f7b-a9ed-e3ae126b54f3;27;Challenge F Ford Historic
4d121dbb-75b3-4cab-9e2a-5f060fe2f302;"4, 8, 81";SportProtosCup
4d71c6cc-f680-4a1f-912e-66810ddbce74;28;Roadster Pro Cup
4d972f27-0b45-4e0e-b051-9eed2835b6ab;37;Trophee F3 FR
4ddb6f51-5628-42e1-952e-6571583a7e54;921;GT Classic Saloon Cars
4e02bf9f-1b90-4d27-bed5-3f4a08e07ea5;29;200 KM de l Historic Tour
4e12b1e0-a1e6-4aa7-9c3b-40536ffb753e;36;trophee Lotus
4e565b10-e86d-4dfa-9335-bb5f4a8987d0;31;Trophee F Ford kent
4e706a8f-e4fb-402c-9a57-361eae90742a;83;200 KM de l Historic Tour
4e957dfa-73ff-43da-a33a-d9ebef93ecac;21;Trophee F3 FR
4eb38aa0-6347-4456-bcfb-d72af6bc74e4;"17, 35";trophee Lotus
4ec28011-ca6a-4e06-9f0f-774bcb192310;34;trophee Lotus
4f3d7160-002f-4127-bdb5-f25c8ed58244;72;Challenge F Ford Historic
4f92fee1-cc4f-418e-aff9-4e3da90c4cdd;16;200 KM de l Historic Tour
4fb2e0cd-5dbf-45e8-ad4d-36436ec0377c;"22, 96";Trophee F3 FR
4fc86082-f25c-4366-8f42-b94c88e7e6c9;51;Challenge F Ford Historic
4ff81102-a387-42d6-9b7b-dd938a158173;22;Trophee F3 FR
5019aeda-ee7f-41bc-a140-c67621b14a58;18;Trophee F3 FR
504078d0-a560-4e86-a1b0-37c37ee08b81;;Podiums
506b88f8-2ed4-4ec9-b8e5-920bb797e0bb;34;Trophee F3 FR
507279d9-884e-4b86-9cd1-06a0566a94e3;79;trophee Lotus
508f763d-f57f-4d13-9e7a-4b8b4ff2a5ae;"177, 1967, 25";Maxi 2L classic Maxi 1300
50cb89eb-18b7-48d1-94c0-f8b8e1d6a21f;7;SportProtosCup
50ec3c98-332d-4950-8370-44c326b366d9;8;Roadster Pro Cup
50edc0e4-3195-43dc-8e68-3438854cb680;;Maxi 2L classic Maxi 1300
50f7dfed-8990-4e3d-8e59-4fb9c0797514;83;200 KM de l Historic Tour
5104b5a0-e2b3-482d-b07c-e288497a36c2;71;Trophee F3 FR
51426d76-534b-43d6-9262-bad9e6b9e24d;;Maxi 2L classic Maxi 1300
5179eefa-a508-45b8-96c5-a62e0cda3941;71;Trophee F3 FR
51920b90-79df-4f54-842e-aa2ae85b5d15;;Challenge F Ford Historic
519548b7-9997-4332-93d3-764213c792fc;143;Roadster Pro Cup
51afe559-6aa8-4a45-9f6b-b4bc4d76ed63;66;Challenge F Ford Historic
51b17c09-3342-4fe4-8032-f9d139a59289;;Podiums
51c284e6-8eed-4d7e-b9ee-e9e934a07de2;100;trophee Lotus
52281242-9521-46be-a3b2-b68511f9d25e;"128, www.renaissance-eu";Trophee F3 FR
523546d5-6229-45b8-9c51-28dc4e3f7180;32;GT Classic Saloon Cars
524cc5ea-2648-45e2-a6a5-28d2046d4aba;"114, 2017, 2019, 2023";Racing Over 2L
525bc0bc-0176-430e-8fdc-0099a7ea5952;21;Trophee F3 FR
527a94e5-b77b-47e8-af97-d7812f5337b6;40;Challenge F Ford Historic
529d9d14-4de8-4db1-91ac-8df8b02cfd4a;28;Trophee F3 FR
52a72d69-2698-4ff5-a74f-8de131ddd512;89;Trophee F Ford kent
52e2289a-df66-4692-a461-bb1ea916ca63;;Maxi 2L classic Maxi 1300
52f9f254-2398-416b-b6ee-0964e1710052;66;SportProtosCup
52fe161b-dddd-47a9-b7f1-54c0e71387f5;70;Roadster Pro Cup
533a36c6-cbc5-4836-96c4-3ceb777201f5;"19, 430, 76";GT Classic Saloon Cars
536201ed-0e4b-4c23-bc26-65cb3a3ec504;83;Trophee F Ford kent
53900441-9672-48f9-98c2-d37c4e881f41;;GT Classic Saloon Cars
5394cee0-764f-402f-9d17-57d2d6275882;87;Roadster Pro Cup
53b92f3c-8571-47e4-8a93-61f92718b645;43;Maxi 2L classic Maxi 1300
53dcfe09-5c65-413b-924d-61663053d58d;"2, o-one";SportProtosCup
53fba087-258d-45d7-848f-0016b4e66d0b;23;GT Classic Saloon Cars
540f8f93-27e3-47f4-9abb-7a64ae01aa5e;83;200 KM de l Historic Tour
5450ad50-25c2-44fc-adab-d32797b9618a;"23, 75";Racing Over 2L
5457358c-2d58-4fd7-af86-8a85c904b8e8;"23, 921";GT Classic Saloon Cars
54aacffc-40eb-4064-a6cc-bae9f009374c;114;Racing Over 2L
54f75b97-4ede-4be8-8853-6e5497424181;;Podiums
551f8fb9-6c6f-493d-8010-d5735a75e002;96;Trophee F3 FR
552dc0ad-4503-4f1c-ba04-ceeb85bf7115;66;GT Classic Saloon Cars
5570c437-0aef-4ca5-9696-42908c9a80b1;9;SportProtosCup
5593059d-4e07-42af-bcae-b76bef2260ea;15;Trophee F3 FR
55b11b35-63d4-4725-a68c-28ba0ba75276;;Maxi 2L classic Maxi 1300
55c8b07c-d1f7-4f9f-a747-8e43e764ab9b;67;Racing Over 2L
55d25aa6-f4bb-490c-ba8e-648e27993688;30;Racing Over 2L
562b0f5a-8f04-4ebc-aa2a-cbd446acc348;22;Trophee F3 FR
56504924-5223-476b-9295-06c16d58bb0f;"5, 57, bj-134ez";Maxi 2L classic Maxi 1300
56a92f4d-e987-40ac-bca7-951dfbe444fa;23;Trophee F3 FR
57338ec0-f0ab-4cb6-8418-5bcc18caaaf8;17;200 KM de l Historic Tour
57702c02-44aa-43c3-9d06-9210ac179f74;18;Trophee F3 FR
57d17cd0-bb96-4567-aaf3-05b0f70be1d9;240;Trophee F3 FR
57f53fa7-496a-444b-820b-72e127d5886e;3;200 KM de l Historic Tour
57fb64c4-2191-4a56-aae4-90cafea2dcdd;"17, 73";200 KM de l Historic Tour
581e58e2-6518-434e-b6f7-1b1bd9dd909b;71;Trophee F3 FR
584dfd18-1b35-42ff-a99f-04630fb501b1;;Maxi 2L classic Maxi 1300
589ebcfd-5491-4134-9b40-56d4093cd04d;82;Racing Over 2L
58b2b743-72df-4aff-97b3-8c9533b24b44;39;trophee Lotus
58bcb448-e8c4-4f52-9adf-f3cc9fa5c6cd;12;SportProtosCup
58d1fb87-6be5-41e2-b70b-62a84fb27839;30;200 KM de l Historic Tour
5900eab1-f124-4a08-8dec-746394c6208f;;Maxi 2L classic Maxi 1300
593d365c-7a81-4541-b794-2ca6bf62fbfd;35;trophee Lotus
595cbb52-50b0-44be-8b21-be422902c9e9;83;200 KM de l Historic Tour
59737fb7-f5ae-44bd-ba3f-85f3dc8d9f1c;"10, 2";Roadster Pro Cup
597bf572-31f5-461f-b6a3-2e98fb383059;10;Challenge F Ford Historic
5a1d7823-28cd-4908-ac46-d502814dd5f8;"2, o-one";SportProtosCup
5a3850e6-10cb-451e-a180-246a98a7be08;7;SportProtosCup
5a8c67e9-e269-4ded-86b2-322b80cffe69;"12, 81";SportProtosCup
5a91b5e3-8838-46fb-90cf-ae232dfa877c;15;SportProtosCup
5a9ff494-322e-4b68-b371-2926a4f091f1;;Podiums
5ab02874-1742-48ed-826c-d9612c47c4d6;;GT Classic Saloon Cars
5af92a9f-eee9-435f-8ed3-de6faaa6165e;69;Trophee F3 FR
5b28dd23-7bd0-4c15-bf80-faff7af55c3a;15;Trophee F3 FR
5b2e3c77-b2dc-47fe-b2b9-60fe424a5ad3;40;Challenge F Ford Historic
5b60e2eb-0fcc-48cd-b584-f0dd7ccf4e67;46;Trophee F Ford kent
5b7f9888-b989-452c-a16d-ffc51029eb04;"2000, 9";SportProtosCup
5b879e76-f38b-4a5e-8675-3daa870023e8;77;Roadster Pro Cup
5b8854ef-93c0-40d5-90f0-85872af7fd25;8;Trophee F Ford kent
5b8a393d-0808-4c9e-8080-5f8b3fa2b629;31;Trophee F Ford kent
5b91dfba-af11-4b8f-8840-a263ca821bd3;"1, 10";Challenge F Ford Historic
5b9e88de-af51-4750-ad30-24bfdc2dc519;"44, 921";GT Classic Saloon Cars
5bdd844e-47a6-490a-9c25-513f8e755da0;;Podiums
5c733316-983b-4a93-bc08-945e5eb16e4f;;Podiums
5c818bdb-ff4e-463e-b9bf-e0919aca1d1c;83;200 KM de l Historic Tour
5c9abb07-d1a3-43f1-8187-95f26a5ae8c6;23;Challenge F Ford Historic
5cbc4bad-0988-4be6-b996-057a4b47cbba;9;Roadster Pro Cup
5cd6fcd9-fc70-4ffe-b176-e3ba70aa4fcd;13;Trophee F3 FR
5d2d88de-6751-4d56-a9db-0f55a3f0f1b0;"50, 74";Roadster Pro Cup
5d3ee2a3-4254-4f56-b306-7f41be6eea98;89;Trophee F Ford kent
5d5a1239-36b3-46f3-8a71-dee211e1acd5;"1, 9";Maxi 2L classic Maxi 1300
5d6d04db-d331-4a2e-bfb7-547ca9ec70ff;30;Racing Over 2L
5d749ca7-bcc8-451b-8ae2-060a6f028e96;"37, 83";Trophee F3 FR
5d7aec06-8e33-48b8-a002-64f96bc61a68;46;Trophee F Ford kent
5d9dc6d6-4160-476d-a95e-487872fba168;"2, 28";Trophee F3 FR
5dd31a76-23e1-4a20-850e-b392a2faf20c;47;Maxi 2L classic Maxi 1300
5df505a9-51bb-4800-9182-67bdd6e270ba;66;SportProtosCup
5e855e3a-2b0d-4dc6-b051-6405f6d6700e;;GT Classic Saloon Cars
5e8cef46-be01-4af4-a3ef-fa83f0cfb9ea;4;Trophee F Ford kent
5eb6b546-595c-413e-955b-d2c1f769006f;13;Trophee F3 FR
5f103166-12d6-44d7-950a-f2b71caef94b;92;Youngtimers SuperBerline
5f283f1d-5d78-4fb5-9c7c-188f7af94066;"17-ab, 31, 37";trophee Lotus
5f80dd30-610a-4160-8ef9-e55a6f940e89;50;Roadster Pro Cup
5f916207-c1b1-4647-8f4f-ef4a9db8c754;80;trophee Lotus
5f9fed62-da4d-4fa9-8053-ddb7f83e476d;9;Trophee F Ford kent
5ff7b4eb-312f-44c9-b520-c309ab843e3c;"13, 45";Maxi 2L classic Maxi 1300
5ff8269f-094a-47f8-a08a-0841ebceccce;18;GT Classic Saloon Cars
6005b825-b5a4-4a54-9e38-228a77fd5f8b;;Challenge F Ford Historic
6052d152-acb5-41b9-9d46-c60ab79d89d3;22;Trophee F3 FR
6055f405-6dea-46d4-9df6-4c127743ddaa;12;Roadster Pro Cup
60dae25b-ce6c-4a30-a897-865f30ab8fc0;888;GT Classic Saloon Cars
60e9f960-54bf-42e5-a1f8-aaface85225d;71;GT Classic Saloon Cars
6104e86e-4c72-4e21-bdee-e7488cc2ca4e;61;GT Classic Saloon Cars
612e6efc-a6ef-41dc-b793-cdd43ccc79f3;"88, 9";GT Classic Saloon Cars
614264da-e206-404a-b31c-9b564df67208;68;Challenge F Ford Historic
61ce03b5-03cb-419d-80a5-753485e20536;"114, 2017, 2019, 2023";Racing Over 2L
61f53f96-64d5-40e3-b35d-a3b2c80513da;78;Challenge F Ford Historic
62636914-f1f8-4bd6-b85d-9b17133b3397;67;Challenge F Ford Historic
626ea3e8-d7f2-4835-b0a5-b5376fbacfc5;;GT Classic Saloon Cars
628a0b46-d60b-4e7a-b829-1ac054eff9a5;81;SportProtosCup
62bb60cc-265f-461c-b910-641b21d8b02a;50;Roadster Pro Cup
62c5558c-9003-438f-ba4f-9d9d09b888c5;19;Maxi 2L classic Maxi 1300
62c8303b-5101-49a9-9d14-f6f59a7f6bca;43;Maxi 2L classic Maxi 1300
62ccfc7a-346f-4ee7-9bfb-04e7fcddb676;50;Roadster Pro Cup
62dd1b90-3d5f-42e5-b122-8baf9c0fb191;22;Trophee F3 FR
6305856a-3ddc-4916-9a9e-b6eaa731f316;3;Trophee F Ford kent
63b284ba-988d-48eb-8223-aecc267723a0;240;Trophee F3 FR
6401d460-aa69-421b-8451-fd4f91eaf41f;"19, 5";Maxi 2L classic Maxi 1300
64cb3a39-d438-467f-83d8-69bdc8394c6e;777;Youngtimers SuperBerline
64f70f3b-c78a-4d3d-bf45-b4200ea1cef4;70;Roadster Pro Cup
6502c20a-7ffb-4188-96ae-b64dbb1e10e0;30;Trophee F3 FR
653c2705-4232-416a-9636-a6a85ea11e16;36;200 KM de l Historic Tour
6546f06a-b07e-47bb-a078-463d4b545423;"10, 34, 39";trophee Lotus
658dc40c-0542-4626-ac99-e5e8d4d123e2;19;200 KM de l Historic Tour
65be647c-c74e-4cac-b7c5-e81a8ab8bda1;30;Racing Over 2L
6600221f-2d25-482a-add0-2f22a542db68;7;trophee Lotus
66207b41-a75e-44a6-9e30-0b736a08e672;"114, 2017, 2019, 2023";Racing Over 2L
662374c0-6bcb-40ef-b080-a0cc21fc0a33;742;Youngtimers SuperBerline
66707664-8dfb-4ac4-9225-5a696f7a62d6;71;Trophee F3 FR
6696c0e5-ab8e-44d0-944c-b7dd8e72bb18;81;SportProtosCup
66d5e20d-437c-4b0f-acee-be0138240f6e;19;200 KM de l Historic Tour
67050ed4-2448-4bbb-81c6-6f3fe4c940c7;22;Trophee F3 FR
6776d4c0-c8c5-4479-8aef-d7083cb281c6;22;Trophee F3 FR
679a1bd4-d4f9-4abb-bf74-41cafa8ccf40;"2, o-one";SportProtosCup
67a5cac5-5775-431e-b26d-806d8132941a;"66, 82";Racing Over 2L
67a76c5f-09bc-4a10-af0a-32740ee6272e;90;Maxi 2L classic Maxi 1300
67ed7948-311d-41af-94dc-42440c997525;26;Maxi 2L classic Maxi 1300
680c8bc7-d005-43d5-85d6-072b88d907fb;;Podiums
68602e92-3be9-4a89-aa77-f309301018ac;70;Roadster Pro Cup
686d4a8d-83d6-4948-85f2-490699c217c0;"16, 1961";Challenge F Ford Historic
68b37336-e030-4329-a7e4-8c6fcd09eab0;12;SportProtosCup
68eac2e9-a456-42c0-be26-074791623319;128;Trophee F3 FR
690b44b9-831a-47fd-995b-a5f6215f56c2;"2000, 9";SportProtosCup
690b85c1-653a-4af0-8022-35e37de1ca06;97;Racing Over 2L
6968e8d9-6593-4230-a7f3-b6193e035f63;71;Trophee F3 FR
698f072f-3f91-4396-94f8-2cf7d13cf3d5;111;200 KM de l Historic Tour
69966799-395c-446c-af55-c1822527a84a;"31, 8";Trophee F Ford kent
69a12f8a-0506-4864-997d-c7d76416f258;66;SportProtosCup
69c32502-339f-4bd8-b0bb-b86410c67cbe;"35, 70, bw-180-ek";GT Classic Saloon Cars
69e290ed-3577-441f-8c0f-2a38e79bf14a;"10, fn-390-tx";trophee Lotus
69ee722d-54c3-4172-92fe-057c536b24d0;1;Trophee F3 FR
69f9fe5a-9e76-4702-a9ce-217758889442;84;trophee Lotus
6a2d1952-89a6-4be2-98a7-e0ec0ad64dd2;15;SportProtosCup
6a4783f8-29e1-48b0-9962-ce461913b43b;134;trophee Lotus
6a7035cb-479a-4073-8289-c4862be5e7ae;"27, 43";Maxi 2L classic Maxi 1300
6a7ed545-d9ff-4348-a16d-7af3157b8c1f;"888, 9";GT Classic Saloon Cars
6a85fbc6-dea2-4932-aba3-a6fa48575e31;"156, 707, k-w";Youngtimers SuperBerline
6abc8d20-6260-43f3-b023-fe338bca42ba;37;Trophee F3 FR
6aefbeb5-02c0-4ae2-9885-e9f3d3bea3a4;15;Trophee F3 FR
6af1371f-7ffb-4e35-a7f8-4906884d42d5;"1, 68";Racing Over 2L
6b06aa8e-fd37-4fe6-aa14-da6fce409737;;Podiums
6b980bcb-4490-41af-bbaa-a4f1739c7d0b;1;Challenge F Ford Historic
6bad046a-1009-4540-aec7-0c7d7b1a41c8;77;Roadster Pro Cup
6bba5e39-556f-4d43-b8de-89984bf450d1;34;trophee Lotus
6bbde9e3-4103-4fc2-b9b9-1f62c4429bbd;19;GT Classic Saloon Cars
6bcabf80-f3f4-4f9d-82dd-27205d6a5bd0;21;Maxi 2L classic Maxi 1300
6bd4fdcd-c851-4a7b-8b7e-f5cc9d469d12;430;GT Classic Saloon Cars
6bebe50e-64f5-4b62-9914-7af4096d24dd;71;Trophee F3 FR
6c908089-9808-437e-b36b-f6f8cc27c747;22;Trophee F3 FR
6d0e4d0f-66f6-45c0-a4d7-d3652ff3c67a;7;Roadster Pro Cup
6d4b0beb-49ea-42b8-abf7-f156447f94e5;66;SportProtosCup
6d56409b-9682-425b-8fbf-2dd556c2fe95;"28, 37";Trophee F3 FR
6d70b3eb-a912-4fd0-898e-eae4c5feedfd;"16, 28";Trophee F3 FR
6d960b6d-d91e-495c-a84d-48fc50cb9ed4;33;Trophee F3 FR
6db7c617-e993-42e4-94ce-ec8c8a8b068c;886;Youngtimers SuperBerline
6dbe6bec-b548-41d3-8b24-eeba51c286e1;9;200 KM de l Historic Tour
6e4536d2-b024-4414-9b88-f50d1092d1f7;240;Trophee F3 FR
6e47f32b-6b0a-413d-84c1-074e7d0781b9;77;Roadster Pro Cup
6e5f8dc5-3437-43b0-810f-3b0473bc8770;9;Trophee F Ford kent
6ea0a0e1-8e0d-4363-af49-0cc1a0805d38;"111, 666";200 KM de l Historic Tour
6ef911f0-17de-41a2-bda3-4f7b96d74d54;42;Challenge F Ford Historic
6f09f7ca-12f3-483c-9a53-4ef039c4c1a5;44;trophee Lotus
6f15dc56-e6a8-44ee-bb3d-83373f2714fe;18;GT Classic Saloon Cars
6f33c7b5-df03-4ee8-a489-e4a0e3f48a9b;99;Roadster Pro Cup
6f362421-2134-4587-add5-26c5c9f08e25;bf-310-xm;Maxi 2L classic Maxi 1300
6f741aa3-ff65-44da-971f-5f9186abf6bb;17;SportProtosCup
6f937679-aaa7-470e-af23-3660678e79d9;5;trophee Lotus
6fb7c1f6-9cb3-4996-9223-a36c397ac857;;GT Classic Saloon Cars
6fcf980c-314f-44af-b620-654d613dcd64;22;Trophee F3 FR
6fdaedaf-5947-40f9-b8d4-03312f189d28;22;Trophee F3 FR
7010a8aa-5320-43c7-8bcd-f7fd3e66743a;21;Trophee F3 FR
70387883-6595-451b-b9d7-4dc920e160c4;24;Maxi 2L classic Maxi 1300
7047da29-1fb7-4da4-ae4c-ee74c4926c78;;Podiums
704e218d-1b3d-4326-91b2-db2e72fdb1fa;51;Trophee F Ford kent
70a44616-6c6b-4dff-a204-c0a2223374e4;22;Maxi 2L classic Maxi 1300
70bea113-55ee-44e1-9f5d-ebe9e8bc2a1e;187;Roadster Pro Cup
7141f056-399f-4342-a64a-7ed7a46e10c1;83;Trophee F3 FR
714ddbd7-9bd4-45fe-a315-af09996b2eb6;707;Youngtimers SuperBerline
71712bde-592e-4331-81fa-80cd4cb14a07;1;Challenge F Ford Historic
71848bb3-064e-4c27-b232-99d23bac9f90;"90, 93";GT Classic Saloon Cars
7195db43-ef9e-4f4a-ade0-5c6c63194184;8;trophee Lotus
7198e3f0-8fbd-4e5d-8528-580808736f93;111;200 KM de l Historic Tour
71eb06ca-1306-4044-b82f-cbe5b0523ef8;40;Challenge F Ford Historic
71f03ef5-9673-4021-bf28-5bd7a426950e;7;Maxi 2L classic Maxi 1300
71f32979-76a3-4c2b-b671-ed1e40be9b02;742;Youngtimers SuperBerline
722ac72b-fb64-4640-86c5-a8027ccf1cd5;47;Trophee F3 FR
726f5275-a974-4f5b-be41-224465f671b6;34;trophee Lotus
7271b5ba-437b-405e-b021-b31939776cf4;"12, 36, 81";SportProtosCup
72912036-5ce6-4c81-9916-393668472a86;17;200 KM de l Historic Tour
729c3c58-531f-4c27-8f05-e8d93a150a43;"71, 90";GT Classic Saloon Cars
72c37247-e1ce-4a43-88c1-15acf83d8d5f;;SportProtosCup
7384d2c9-de63-46f5-8ca4-ba25a40aa0f4;101;200 KM de l Historic Tour
73de3413-5728-4a46-a8f3-b7f98979c2e3;74;Maxi 2L classic Maxi 1300
743e1fdb-36b6-438d-8c3d-e62b8837400b;4;Trophee F Ford kent
7450f2aa-042e-4a64-a38a-449031f88ac0;17;SportProtosCup
74c650bb-f1b3-42ce-942c-c6d65749f020;30;200 KM de l Historic Tour
75046995-93a5-4307-b111-3983f7475760;;Podiums
751a606b-9419-42b4-b4c9-d4ffb2c9f748;40;Challenge F Ford Historic
7532fe04-95cc-46a3-a767-7c306b21b54e;"27, 43";Maxi 2L classic Maxi 1300
753cc3c0-d700-4a49-a51e-73c0f9c06e5a;21;Maxi 2L classic Maxi 1300
75472e9a-320d-458f-aaaa-0328d6fb75dc;;Podiums
75b475ff-3719-49fc-aaf8-7b4bc556d54c;1;GT Classic Saloon Cars
7630688b-1fd9-474e-a450-076aed820036;2;SportProtosCup
764315d5-d78e-46b3-acfd-21a082233a40;10;Challenge F Ford Historic
76695256-f3bc-4ce7-84f6-7fd617de37e9;"114, 755-lk";200 KM de l Historic Tour
768bf588-439b-4982-9156-02a080989433;24;Roadster Pro Cup
76ab8008-262b-4af7-9264-b8634b761a17;1à;Challenge F Ford Historic
76b19c1b-c140-4c53-80da-7a4cc1f940d9;;Podiums
76f7fad0-7c0c-4edb-9f0d-cb9c34a5517d;78;Challenge F Ford Historic
774283b9-c580-4070-9108-dc314cb68548;36;trophee Lotus
77d06dbf-b015-48c6-be1f-0605d88685a5;72;Trophee F Ford kent
77ea7257-3c71-47cd-91bd-ef56c9c0d633;10;trophee Lotus
77ec2318-1a7a-4cd5-b7a7-9f8368994e72;55;Challenge F Ford Historic
78042b14-ac72-41ec-87eb-1d779edd2067;15;SportProtosCup
78096051-2924-4fa1-be0e-be651ca12574;16;Racing Over 2L
781cfe6f-e862-43ba-abcb-3d71cd2ec9e1;77;GT Classic Saloon Cars
7830e3f5-e77b-45de-b3aa-63dfb1c13d9d;;Podiums
78504ebe-ee32-47eb-81b5-18aa645745a9;83;200 KM de l Historic Tour
788ad0f7-c181-4eff-9d0d-b46253160550;"2, o-one";SportProtosCup
78905ec7-8c06-4602-a0fc-fc9d8a47a7c4;93;GT Classic Saloon Cars
78af9066-bb9f-41aa-b588-c2e0f73feff9;43;Roadster Pro Cup
79061aa4-e7c4-4e29-b847-ceb87aa8fc00;"35, bw-180-ek";GT Classic Saloon Cars
795aa573-2a7e-4b07-8c67-1d8a25cbad96;47;Maxi 2L classic Maxi 1300
79a805a9-4c19-4862-bcda-e350343984dc;69;Trophee F3 FR
79bf6411-2122-40e8-aea7-06929faaf8d8;97;Racing Over 2L
79d935dd-8c4d-45ab-9e1e-b54730c9b557;9;GT Classic Saloon Cars
79f6c5d3-9f29-4d6f-8d84-c0d131417810;23;Challenge F Ford Historic
79ff98d7-2609-4e77-a908-aa6a0fd85cf3;3;200 KM de l Historic Tour
7a0c7011-286b-4248-ba42-628c935bb440;"2000, 9";SportProtosCup
7a2919d8-ee95-4321-b0f3-166f09642df5;;Podiums
7a339d42-8b2e-46c3-8476-af3308a57c54;66;Challenge F Ford Historic
7a801cf5-e3f4-4a59-950e-c81a930ab266;46;Trophee F Ford kent
7a962f39-5420-4251-aeab-5be3e4b787c8;43;Maxi 2L classic Maxi 1300
7aaf8326-2df5-41a7-bd84-701a4df496a5;67;Challenge F Ford Historic
7ad3daf6-2129-4e12-94a7-a76b71c553b2;10;Trophee F Ford kent
7aecc2dc-4552-438b-bd30-df42eacc6e93;37;Trophee F3 FR
7b396dad-ee0a-43f4-b09f-5d1800eec907;17;Trophee F Ford kent
7b404349-8c5e-4189-b1f7-2b832d9450f2;71;Trophee F3 FR
7b46b0a4-0f03-4860-81a9-d36a08ba2a58;17;trophee Lotus
7b5b84f3-379c-413a-b700-46408ee1a4d4;64;GT Classic Saloon Cars
7b801b9f-bf35-4b77-be8d-e20abf462f0d;69;Trophee F3 FR
7ba9eabe-09bf-41f3-8636-222d18c1ed7c;19;200 KM de l Historic Tour
7c08899b-7877-4f5b-9c34-591dc7e9f615;36;200 KM de l Historic Tour
7c19ac2d-689c-4531-b2f0-91baab366f86;"44, 90";200 KM de l Historic Tour
7c222a22-4d7c-4e08-a241-542163149cdf;1à;Challenge F Ford Historic
7cbcf41b-1516-4f1d-a8e3-de9481078557;;Podiums
7cea62c8-1db3-41bd-b874-1882d353b4e4;"12, 2";SportProtosCup
7cea7e35-98ea-4140-8dde-faec30512e80;27;Challenge F Ford Historic
7d612d82-4a29-4eaa-92de-214776f386a1;46;Trophee F Ford kent
7d8178c5-484c-4dfa-aed5-e413f7f14ea2;13;Maxi 2L classic Maxi 1300
7dd2c7a3-70cf-4322-b5c8-1e544a3e87a3;"1965, 25";Maxi 2L classic Maxi 1300
7e24c261-edea-4fb1-a0f6-ad92f48cd4fa;"27, 43";Maxi 2L classic Maxi 1300
7e2f4b1f-979b-4942-bc99-020b686bc321;"32, 64";GT Classic Saloon Cars
7e2f5b03-46d3-4163-86bd-385999492b90;21;Trophee F3 FR
7e8e7b6e-b6ad-47ea-bcc6-4c2cfe5a32cc;36;200 KM de l Historic Tour
7ec03736-a681-47a3-b21b-059390e77dc1;92;Youngtimers SuperBerline
7eefa79a-1525-45f9-99ab-d8c81857a37e;;Maxi 2L classic Maxi 1300
7efd3672-f901-434a-a748-47a9f0be7212;13;Trophee F3 FR
7efe34ff-ebc2-4144-b11c-dbf798962546;17;Trophee F3 FR
7f033fdd-bd2f-4336-99b3-32c4bdca24b4;82;Racing Over 2L
7f12592b-9fb5-431c-a578-889e914524a6;42;Challenge F Ford Historic
7f1a566c-dddb-4a15-958e-5d1366d293ea;bj-134-ez;Maxi 2L classic Maxi 1300
7f1f95b9-5e61-4548-8de2-c6b1111dee68;;Maxi 2L classic Maxi 1300
7f270160-9652-4822-b520-b47c0e8f0a24;50;GT Classic Saloon Cars
7f683720-487f-4462-9a1a-6db3b2818fba;51;Challenge F Ford Historic
7f85eba2-5004-4a0e-8c6f-a7964051dbb4;19;200 KM de l Historic Tour
7f9d6e20-7d65-4e65-a1d6-b55f7bf8795f;81;SportProtosCup
7fa1bbfd-b7e6-40ab-8b5c-60c373061426;111;200 KM de l Historic Tour
7fb4d1c9-f9f1-4f5d-b270-46d04c2baf74;16;Challenge F Ford Historic
7fc2d8a9-4c8f-49d2-868a-b8ded22a009d;28;Trophee F3 FR
7fcb5cd1-8ab4-4197-b337-2499bfbfae52;34;trophee Lotus
7feb16d8-1509-41ef-9e42-ac7eb35b3a0e;74;trophee Lotus
80284026-33bc-470a-87c1-e6c0a60eb38f;1;GT Classic Saloon Cars
8048ef3f-9282-4e83-b771-723adb06d134;21;Trophee F3 FR
8071aada-f776-4f7f-8335-8afc248be0ab;22;200 KM de l Historic Tour
80b2a7f4-754b-4c56-b1e7-494b46005945;46;Trophee F3 FR
8102f24b-37e8-4ca1-ab84-b26b0a1ac1be;84;GT Classic Saloon Cars
8112418c-c16f-4ca1-a932-93c7e2908cde;5;trophee Lotus
814dbb0b-6747-43ab-8b56-a13ee23fb31d;dh-917-ab;trophee Lotus
814f43f3-07ee-46e5-afba-76a252c8569d;"2, 36";SportProtosCup
815645b5-fe2b-4aa7-a5a3-59d22a57750c;40;Challenge F Ford Historic
817e8db3-528f-4ee6-b212-11f669b5c395;742;Youngtimers SuperBerline
81a0806e-5142-4c20-8ecd-a5e061bd3571;"12, mx-5";Roadster Pro Cup
81a3eb48-d4f5-4dea-be03-4c63d7187265;"28, 7, 9, 99";Roadster Pro Cup
81e89cf4-f191-44e0-944c-c5a988525755;24;Maxi 2L classic Maxi 1300
82be653d-d9eb-4901-8962-9fc58e6e67ad;6;trophee Lotus
82ee478e-9e63-4b73-9501-4d1bd624da05;143;Trophee F3 FR
82f7c3be-6aa6-4749-8553-13eeaef8e4f5;77;Roadster Pro Cup
83083593-ce96-4d71-b365-5403144c1a79;13;Trophee F3 FR
8312b814-149e-49f1-b88c-7466293b1f03;47;Trophee F3 FR
8321f831-21ca-4f92-8172-036c14d3ada9;;Podiums
832ebab8-bffc-46c0-bbca-ba747c385b05;"54, 562-yd";Maxi 2L classic Maxi 1300
838f96d8-e711-4dce-a864-68a483c699dd;160;200 KM de l Historic Tour
83b0c374-c7da-4993-9d28-9250acdef1ab;36;SportProtosCup
83be540a-732c-4b2d-add9-a990b51194c1;90;Maxi 2L classic Maxi 1300
846ddb4b-e9d1-4635-9293-4ea5c9d8aa68;"51, 818";Youngtimers SuperBerline
84a9cbc4-edfc-41bb-a033-dc2e9b8ab9e9;240;Trophee F3 FR
84b90fe6-34bf-4002-9316-44eccb7ecb00;"13, 73";SportProtosCup
84f5257a-c4ca-447c-8a5d-63e9333ab7cc;22;200 KM de l Historic Tour
85126dcb-d5b9-4468-b69f-ba6bd708c4d6;81;SportProtosCup
855a3c36-ee6a-4811-89b3-5325e89b5acc;43;Roadster Pro Cup
857efa6d-e9ae-482e-8c46-236c365a984e;"2, o-one";SportProtosCup
8595e85e-4534-454e-83fe-f341c6441da9;17;SportProtosCup
85b4f8c6-a125-4cd9-b135-e534fb9c2c82;666;200 KM de l Historic Tour
85cdb40a-64a9-4de8-8ccd-076899348c2d;71;GT Classic Saloon Cars
85dbe29e-2a75-4b16-9d25-a480d4dd91bf;23;Racing Over 2L
85eb86e5-6118-4ad2-b39c-0735a4a39ed5;27;Challenge F Ford Historic
85ed64fd-81c6-49ba-b5c7-4c3eb83f8614;"160, 2023";Racing Over 2L
86611c7f-02dd-4f07-9be7-3b2f59c1d2b2;13;SportProtosCup
86612535-352e-44cc-891b-fd460cab3461;22;Trophee F3 FR
869d7e44-665c-4670-8303-25a0536b9e02;97;Racing Over 2L
86ac9c1e-ba93-4e64-84e0-8b20d3368d95;51;Youngtimers SuperBerline
86d8754e-390e-4719-a851-8cf9ac7ae2d5;47;Maxi 2L classic Maxi 1300
86ea4eef-f0b9-412c-9980-c0f21b83b48d;666;200 KM de l Historic Tour
86fa4a25-2c25-4104-88a5-fb78f33ce8b3;27;Maxi 2L classic Maxi 1300
86fd17c4-12e5-4232-b311-9c80cb4c3d77;777;Youngtimers SuperBerline
87371900-67b7-432b-8a35-40bf8881f05e;"1, 10";Challenge F Ford Historic
874fb814-03fd-4d41-a326-245f7a0c394b;114;Racing Over 2L
877a7762-dc11-4d19-affe-6b71a447b2e7;921;GT Classic Saloon Cars
87aebb7a-bdd1-4d3b-bd66-aaf72c37eb98;73;SportProtosCup
87ffee1c-1196-4e0b-841f-b26bd0de0d8d;66;SportProtosCup
880b6149-3ff3-40e3-aa5c-954690ec38ba;27;Challenge F Ford Historic
88161dab-9acb-4ee9-9b7e-fa216c315f49;;trophee Lotus
889621a8-0e26-4b41-8fca-b015c0c53b80;71;Trophee F3 FR
88ca5d57-11ce-4f27-b688-b23725787aa0;;GT Classic Saloon Cars
88f9351a-a221-447b-829e-ff3ff8e4eea6;30;Trophee F3 FR
88f9f470-d979-42f6-8310-fae390ae597f;"2000, 9";SportProtosCup
891ba31e-bc5b-4aac-824c-10e4b6c3fdfb;88;GT Classic Saloon Cars
891beb09-ab27-47eb-8a6b-003ccd9372e9;7;SportProtosCup
894e2fad-89b7-4aae-bad6-b025bc11584d;"17, 36";GT Classic Saloon Cars
89700d36-77da-47ef-96ef-2c243aac836b;83;Trophee F3 FR
89957f6d-6b12-4989-8ac0-1215aca9e342;30;Racing Over 2L
8a12624a-e770-4946-81e8-3f2ad95fcb7f;13;SportProtosCup
8a479054-4e30-4ad3-8dea-e0445ba1b2f9;51;Challenge F Ford Historic
8a76d1dc-ee47-4033-9298-05a3f8f214d5;73;200 KM de l Historic Tour
8ac33f26-898e-4e8d-838c-e67b71fb3e22;15;Trophee F3 FR
8b04cef5-63ae-491e-83f6-cecb3bafa5fa;16;Challenge F Ford Historic
8b7dd9ba-ef33-4bbd-aa23-323bfc3934e3;"169, 60";GT Classic Saloon Cars
8b918a71-f483-44c3-8980-699e6e378dad;15;Trophee F3 FR
8bdb08c8-dd6d-43cf-a4a4-78bbd116dc9a;46;Trophee F3 FR
8c42e3fd-a4c5-4514-a18d-99bb3f91f725;742;Youngtimers SuperBerline
8c48c629-347e-4553-b05a-82d9c9e8a0b5;;Podiums
8c52d866-b1d9-4577-8884-cb4f3638a39d;6;trophee Lotus
8cbde8f7-f639-4fed-b6bf-66d9b033dbb6;742;Youngtimers SuperBerline
8d59e0c6-e5e6-478f-a505-bf5f96670045;101;GT Classic Saloon Cars
8dcb8a19-12d4-4c75-809d-bd78a7b24306;2;SportProtosCup
8df767a2-2cf3-4a76-a688-8640db203ace;7;Roadster Pro Cup
8e269ec9-89cf-4985-81ee-3773889587cd;;Podiums
8ed468d1-4837-4577-ae03-9573b063fb30;;Maxi 2L classic Maxi 1300
8ed7e604-7e94-40e7-babb-b1f9574982b2;"1151, 32";Maxi 2L classic Maxi 1300
8f10c5ea-877c-4732-a423-d7c982c45755;818;Youngtimers SuperBerline
8f18f823-ae6e-4a98-946f-9441c5779ac7;"114, 755-lk";200 KM de l Historic Tour
8f23764d-492b-4a94-b6ad-8f915152e56a;3;Maxi 2L classic Maxi 1300
8f351444-6190-4451-b777-8912f87f08fa;10;Challenge F Ford Historic
8f568d77-40fd-4ff0-8c32-93a36e7a42be;;Podiums
8fcd1156-97e2-4583-a632-e69c716d7b78;20;GT Classic Saloon Cars
8fe24097-2255-45b9-8392-eaa837f61c00;42;Challenge F Ford Historic
8ff21948-5289-4e85-9ca5-9fbb9d135b2e;996;200 KM de l Historic Tour
90377c34-e8bc-4582-a436-6041389b6dab;;Podiums
90402641-6861-42ac-8e31-a6442c389e73;29;200 KM de l Historic Tour
90670566-7d18-4f42-b379-f4109291a58e;886;Youngtimers SuperBerline
90aa62d9-31e0-4f09-9fc4-ce6a15274925;13;Trophee F3 FR
9147af68-f3ee-4d24-87fc-b6a2a57c7e87;1;Challenge F Ford Historic
9195cda9-a00c-406c-8d1f-9306b66818c1;7;SportProtosCup
91d081d3-8169-4de3-9a3a-42c32ce02f2b;;Maxi 2L classic Maxi 1300
91f41c62-8e4b-48ed-bc70-61f0d56771be;"23, 7, 75";Racing Over 2L
9223c0e9-e30c-411c-866f-d7d58890fe91;46;Trophee F3 FR
92651663-efa4-4af0-ba3a-7a60ce437296;26;SportProtosCup
926634fb-4167-49e9-9f1b-9842e05764f3;12;Challenge F Ford Historic
926aa1b3-8f5a-4300-be30-d87c2178e37d;9;200 KM de l Historic Tour
926c12af-50c9-4ea1-a96f-0305fa6dda2b;"55, 66";Challenge F Ford Historic
9282fc89-af6e-429d-aa65-fdd2259626fa;17;Racing Over 2L
92c00f13-39a2-4bc9-9f3b-e956b35ef1ca;996;GT Classic Saloon Cars
92ca06fe-e117-446d-8609-2b53064973cb;9;Roadster Pro Cup
92f56b91-f914-4914-b777-787d5bee7204;66;SportProtosCup
93f90b4c-6730-4ae1-bf93-b89309780dcf;23;GT Classic Saloon Cars
94001951-d7ad-4445-bb80-4aec5153ec5f;1;Challenge F Ford Historic
9424727e-25dc-4ab5-8c3a-f56d11268f9d;47;Trophee F3 FR
94472b1c-9e12-4660-bc7a-82c63a2c6885;9;trophee Lotus
945de9d8-1b92-46ad-a4f0-2ff33316452a;51;Youngtimers SuperBerline
94787e35-ac8f-4932-9a0c-7867489aec8d;36;trophee Lotus
94cca6be-e481-4b50-9ad8-a020b56c1fbf;36;trophee Lotus
94def44c-a2fc-4559-b877-e8f94f26adb3;440;Maxi 2L classic Maxi 1300
958b3e73-0792-40c6-a2d2-ed3ddfd1be7e;37;Trophee F3 FR
95b3a74c-ce13-4f4b-9bd5-87691ab11f0e;73;SportProtosCup
95c4312c-5fda-405c-9f12-990c41d1e7de;83;Trophee F Ford kent
95f29de4-df21-4608-8334-0572c8ffc374;43;Roadster Pro Cup
962e9b88-a2de-4e12-9ec0-fc9265570794;;GT Classic Saloon Cars
965ba031-0e08-4b89-aab1-0e3a90d59ca1;9;Roadster Pro Cup
965e37b3-2df1-4057-acb1-ace1e03ceee0;50;Roadster Pro Cup
96616378-16f9-4e48-bdbe-49bdc14c1b52;29;trophee Lotus
96ac814a-f9da-4623-bd99-7d53c4139a43;"111, 666";200 KM de l Historic Tour
96b5db06-8eda-4b27-b4c2-4f1e9c87272a;;Podiums
96b95e97-7d11-4aa7-ab2f-4a1a94cae687;7;Roadster Pro Cup
96bb85ba-2402-480c-a2dc-480019133bdb;12;Challenge F Ford Historic
96c51021-9a7e-427f-a11c-37a34cea479d;51;Youngtimers SuperBerline
97107b28-7991-4b1b-a562-713b5d9bf635;33;Trophee F3 FR
974632ee-ea13-46d6-8145-3a47a89c402d;10;Challenge F Ford Historic
975a91ba-b05c-40b5-a179-2eb9a69c1961;46;Trophee F3 FR
9778971b-d97b-4d2b-b656-4e65caa4ca65;10;GT Classic Saloon Cars
9793b945-4d65-4b63-9c63-12b6920f3253;18;GT Classic Saloon Cars
9808cbf7-89f2-4e3f-95ed-229593ee87d4;73;200 KM de l Historic Tour
98093a2d-3d16-4124-9d13-f185570f5e3c;47;trophee Lotus
98342996-66bd-4569-9d2c-337bedfc3bdd;92;Youngtimers SuperBerline
98a4479d-d622-4fab-a880-0a92ff3ca6b7;68;Challenge F Ford Historic
98a57028-e865-4fa3-9040-f159f0e3fd09;"23, 78";Challenge F Ford Historic
98b0286e-fa72-42e0-b810-80d3f638c0ae;;Podiums
98de5560-10d9-4d20-b425-480b2a14eb73;37;Trophee F3 FR
98fe99d6-8bd9-47a4-b5e3-274d31df6ffc;1;Trophee F3 FR
99059711-2243-4c69-80a7-9be8ef15cc6d;74;trophee Lotus
991ea347-35e0-4825-964c-1c5677221ae3;"65, eg-752-ya";trophee Lotus
993da6ec-56eb-413f-add4-457339aaef6f;47;Trophee F3 FR
9959ab7b-d5c7-4470-bc5e-7cfd5e9ab04c;;Podiums
9963116a-9c0f-4715-9d44-387881eefda8;97;Racing Over 2L
996a21d4-9aa6-470e-b836-0ee7ed5ea6e7;47;Trophee F3 FR
99ab907e-64e5-46ab-9942-0a819f7878a8;"000, 888";GT Classic Saloon Cars
99c6e459-2c1b-4015-9f2f-46235db71060;87;Roadster Pro Cup
9a799c41-c8eb-48e0-a933-45df540d39d3;36;SportProtosCup
9a7aaf03-4a0f-41fc-91a5-ec6a5dc7f395;9;Racing Over 2L
9a845d9e-1017-4147-85e6-5607e50ab774;1;Challenge F Ford Historic
9a88ddb6-706f-40dc-a2e8-7c71606fd4b2;5;trophee Lotus
9aa3cd85-760e-417b-a5cb-73b612bc3e1a;101;200 KM de l Historic Tour
9ab2ff8a-0f7a-4ed3-92d9-6d5cad6547c1;34;Trophee F3 FR
9ac3b35a-affc-4e4f-aa92-9f1a1b7f9d04;44;trophee Lotus
9ade375a-73b8-429e-a665-db2d986c394c;15;Trophee F3 FR
9ae8b45e-1245-4996-b52e-43c007100fd9;"77, 9";Roadster Pro Cup
9af1b971-ff3d-418e-ad2d-04460e76e8a1;;GT Classic Saloon Cars
9b030de0-b8e0-4fff-a9ff-987ad6a22cd4;66;GT Classic Saloon Cars
9b23da57-7966-4318-8c9a-da2b96732cc8;73;SportProtosCup
9b515c9d-4293-4559-88aa-345896fa6084;71;Trophee F3 FR
9b75d793-24b7-4c17-9ab0-477a706f293f;"2, o-one";SportProtosCup
9bb68523-d32e-4409-9010-e0292e46e376;27;Challenge F Ford Historic
9bde155f-d42d-4474-9c37-da9e5d0bd4a2;28;Trophee F3 FR
9c0648b0-ac41-4faf-81ed-336e30c32ced;666;200 KM de l Historic Tour
9c0c86b6-ab25-4064-beef-d709356ecd31;55;Challenge F Ford Historic
9c3a6c2b-475f-49d2-a106-d60c7bc577dc;;GT Classic Saloon Cars
9c3d3d2c-ef2c-4a17-88a4-a991c06cfd52;"10, 90";Trophee F Ford kent
9c97e117-6ef0-4c70-ab1b-db606b224b6d;10;Challenge F Ford Historic
9d672626-b493-4583-9e38-f6da8ee98d64;"4, 96";Trophee F3 FR
9d7a7b55-1281-4993-b9be-7519d00bd3c9;16;Roadster Pro Cup
9d932130-37c3-439c-8cc7-d873e9393b19;74;Roadster Pro Cup
9daece9e-2ea7-440f-b811-b39948dda23a;12;SportProtosCup
9dbeb011-a193-4f4c-a0da-a78eba01d414;99;Roadster Pro Cup
9dd86d05-14d5-4140-bcc5-5a4da73db39d;"169, 769";GT Classic Saloon Cars
9ddc612f-2dd7-48fa-8bfb-668b2d5ba310;47;Maxi 2L classic Maxi 1300
9df48318-410b-4538-b417-91f5c233564f;"2, 24";Maxi 2L classic Maxi 1300
9dfa9dcf-d763-42c7-9865-1e2fe533d21d;12;Roadster Pro Cup
9e0917ac-b1d6-4d99-8863-35f5e9085b79;66;GT Classic Saloon Cars
9e166969-34f6-4d75-b72a-232cf000d0bf;742;Youngtimers SuperBerline
9e4dfec2-5139-4d0d-bccb-4423b942673d;12;Challenge F Ford Historic
9e505c6a-1cf5-47d4-8f50-f226e110de0e;18;Trophee F3 FR
9e525bb9-b694-42ba-a24e-cbebe9acc08b;76;GT Classic Saloon Cars
9ec1e915-cdd9-4faf-9e40-d6dc6ccb71cf;10;Trophee F Ford kent
9f56110a-f87d-4089-b8d3-9e541fa541dd;"80, 88";GT Classic Saloon Cars
9f77df43-232a-4fca-a30f-e49c9a1a4c2c;17;200 KM de l Historic Tour
9f7c9c21-5ae4-43b8-ba0f-d92c8567b079;mx-5;Roadster Pro Cup
9f7deb3c-ca9b-424b-bcc5-53f8f098a724;50;Maxi 2L classic Maxi 1300
9fa95f11-f8df-4f72-92c1-de641a9822f2;;Maxi 2L classic Maxi 1300
9feeb23c-6e3f-486e-b558-f97bc875abf6;12;Challenge F Ford Historic
a007d126-2475-4dac-871f-63ef0ec3293b;"15, 18";Trophee F3 FR
a0648c6b-d8a3-4cc9-bb24-65caba0fdeb2;9;Roadster Pro Cup
a0ac3d90-a52a-4beb-846e-84951d4c3e75;96;Trophee F3 FR
a0d73297-e62d-43d5-a707-9eac8cc9d7b2;68;Challenge F Ford Historic
a0d83b1a-d56e-4235-a533-98d8084e1408;13;SportProtosCup
a0eb880e-ab25-4a0e-8ad9-a8e1350000d1;81;SportProtosCup
a111c9e1-368f-4a7c-b7c4-b58b69179e21;7;SportProtosCup
a11a8482-2b51-4226-b377-57399b6e48ae;707;Youngtimers SuperBerline
a131ce83-895b-4bd8-b2d0-1d0fa5728fba;34;Trophee F3 FR
a194f10c-83cf-4a85-bc2e-c40dad152eeb;23;Challenge F Ford Historic
a198da22-1a69-42a0-9e28-e1bc705b8262;17;Racing Over 2L
a1d03362-f26e-4c0e-9a0b-1519e7f87968;17;Roadster Pro Cup
a1ddd3e8-6edf-4c2f-b138-4c85bd1b11bf;777;Youngtimers SuperBerline
a22407a9-30a8-43dd-adbd-ca1010debb9a;71;Trophee F3 FR
a247737b-6a26-483d-8033-0d05f85b748c;9;Roadster Pro Cup
a262484c-f6bd-4940-abec-4061c84c05b0;;Podiums
a27e2c29-2d9c-4b19-9bd1-415a3ce519e8;886;Youngtimers SuperBerline
a28621c8-68a0-4eaa-96bc-56518813e51b;"169, 60";GT Classic Saloon Cars
a2dd60ad-3205-4686-91c0-6b32ff24022f;"43, 70, 87";Roadster Pro Cup
a2f1a07b-f921-49df-808d-6f08f5967fd3;77;Roadster Pro Cup
a30f6237-d1dd-4045-a987-13a8c3d9bf43;90;Trophee F Ford kent
a3269de5-f14b-43eb-9ce7-10d7f7dd5d4f;16;Challenge F Ford Historic
a35331c9-a04c-4550-9ab1-f18867a52583;"2, 2022";Roadster Pro Cup
a3a848b3-e206-47ab-8490-1569cb3e3c4e;7;trophee Lotus
a3d64ee1-1e65-4910-8561-725715e9e07e;"89, 9";Trophee F Ford kent
a408ab62-e340-4764-a057-16cd87572ae0;36;trophee Lotus
a40e3841-9411-4aa7-afff-0bb5ad471787;"187, 70";Roadster Pro Cup
a416928c-eaa3-456a-b576-0463bcbd8538;12;trophee Lotus
a44d3430-7219-4e27-a6bc-cc4522147500;;GT Classic Saloon Cars
a4885767-e1fd-4601-a9fe-8b32a3442a32;"10, 28";Roadster Pro Cup
a494ea07-e868-4887-8b9b-73ddab0ad24a;"14, 47";Trophee F3 FR
a4cf7451-2f98-4cfe-8c86-b22ae6f17535;;Podiums
a4d79569-9dee-4d58-8967-85499ec9624e;"23, 8";Challenge F Ford Historic
a501ba42-4d29-4941-bbfc-c0747381cb03;3;Trophee F3 FR
a5531145-5cf9-4cee-a819-d74aa0f126e3;"1, 17";Racing Over 2L
a55c50cf-e10a-40fd-8608-8cd510e3cede;21;Trophee F3 FR
a5905fe6-462e-4d08-b7d1-11669d2ffa0f;10;Challenge F Ford Historic
a5d2d775-fe30-4a97-b999-06d4e29130a8;847;Youngtimers SuperBerline
a5d415cc-2053-4e61-8839-349a8cd7cd64;"112, 123";Roadster Pro Cup
a5d63d3f-17c6-4300-9bb0-5da1ec2e032c;11;Maxi 2L classic Maxi 1300
a60a18b1-7d4f-4d32-a349-3a8c4f04e670;21;Trophee F3 FR
a6369478-f7ee-4c43-9f90-e5b4708b9fe9;;Maxi 2L classic Maxi 1300
a63aae20-ccf4-4cc1-ae5e-7a489b299f3a;5;GT Classic Saloon Cars
a63d608b-cb41-4945-898b-ca2c3103eb40;89;Trophee F Ford kent
a66e14a7-f386-4570-a25d-1a6673309c6a;137;Maxi 2L classic Maxi 1300
a6821e87-c01b-4ab6-8487-94b7b3c3a6e1;;Podiums
a69dfc13-8ec0-417c-95dc-542ae63d7b9b;"143, 3";Trophee F3 FR
a6b67919-f1c4-448d-9503-c306924c87cc;51;Trophee F Ford kent
a717bd0d-dd1a-46d4-a64c-f1b711f9adae;"3, 69";Trophee F Ford kent
a7526fc1-2cd1-4b77-8d59-c9dcb1e71954;77;GT Classic Saloon Cars
a7b63034-3e66-4af6-9a64-0145b9a73434;9;Roadster Pro Cup
a7c9bbb2-00e3-41b3-b797-b6e17c985941;"32, 64";GT Classic Saloon Cars
a7df86ed-c1d9-4cc0-8470-0b6ef695a78f;7;Maxi 2L classic Maxi 1300
a7ea85ac-83e5-44b8-8553-9b80a37cc1fa;97;Racing Over 2L
a81b6f92-0f51-4154-ba72-6e1a54c06a84;10;Roadster Pro Cup
a8202f1d-fa79-440f-b74c-b84c10603d6b;16;Maxi 2L classic Maxi 1300
a8553543-77d2-40d9-be55-e48532555620;77;Roadster Pro Cup
a861d2d0-7bcc-4656-aa43-4fda27d84b62;"33, 90";200 KM de l Historic Tour
a868cd4d-0ea1-4370-bfca-016236a9e0c4;21;Trophee F Ford kent
a8822c7f-e62d-440d-9041-6972c97b5ea6;67;Racing Over 2L
a88dd6b3-cdc2-4e9d-9b4a-78a95c4aa761;16;Racing Over 2L
a8bd8516-cdd2-471a-a6fb-2d8e9cad942b;63;Roadster Pro Cup
a8c1e55b-fba9-4251-a061-9e77c0e1d057;83;Trophee F Ford kent
a9078c39-e3bf-4feb-8f1a-aeb5ea13b3e9;"29, bf-310-xm";Maxi 2L classic Maxi 1300
a961955b-d430-4a7f-8cd3-85f7cb95800b;8;Racing Over 2L
a9894d8b-bd75-4991-bd6f-ac783f8b42f5;43;Roadster Pro Cup
a98f0686-71cb-49e5-9a26-ad31cc7420ae;23;GT Classic Saloon Cars
a9a1df88-c056-4578-ab17-8aaa4a7eeb5f;815;Youngtimers SuperBerline
aa3f63e6-35e6-412a-a682-dd16b4b7781e;30;Trophee F3 FR
aa635d83-6996-4424-9fd9-b917a202e8e8;13;SportProtosCup
aa84ae83-4056-47f5-aaf5-790d8d65ca80;;GT Classic Saloon Cars
aaad4d0e-b899-4910-a38c-3f6ed7768617;12;SportProtosCup
aad426b9-5f5c-4b55-89ff-68645886dfbc;33;SportProtosCup
aaf09049-6927-4136-b644-861318814d64;"10, 90";Trophee F Ford kent
ab3d9379-deba-4073-ac58-cd58547c951b;12;Challenge F Ford Historic
ab468a0e-a6a1-4687-8470-64ff751a79f8;"35, bw-180-ek";GT Classic Saloon Cars
ab4eef0d-997a-4e4b-95b7-8363d1aaeb15;47;Trophee F3 FR
ab721a60-b90e-4f73-bc4d-9660f33a7178;1à;Challenge F Ford Historic
ab934b54-a600-424b-b212-c55cbaae9f70;10;Challenge F Ford Historic
abaf8aa4-4ceb-417a-a3aa-a6f8e5b08340;51;Challenge F Ford Historic
abc2c721-6be5-4473-84ed-7c1b037804f8;222;200 KM de l Historic Tour
abce2f37-3295-4d06-9afa-3ccd292897c9;23;Trophee F3 FR
abf513da-0a90-47e0-80f9-1d42fe739869;"1, 10";Trophee F3 FR
ac0d714e-7ca3-4075-8da3-f22261ab6018;;Podiums
ac5526da-85ec-4e83-b586-5a6359593f6a;51;Challenge F Ford Historic
ac729854-261f-4c3e-8ed4-7ae42d7b599e;17;Trophee F Ford kent
ac95133b-1776-4fd1-be00-13d6b33ad8a9;39;trophee Lotus
acc898c3-303c-4177-972a-fc1eec52e9d2;2;Challenge F Ford Historic
acd4b1e3-110a-46e4-9925-67775c396a44;111;200 KM de l Historic Tour
ace8b822-9793-4c4c-8a81-772be5256105;30;Racing Over 2L
ad0af4c5-bb8d-473e-9410-212a12a80023;31;Trophee F Ford kent
ad5f3522-d266-4017-af0f-a9c5a6b3efd4;71;Trophee F3 FR
ad8c66b1-99f8-4ad4-9206-397ddece0ae3;"43, 9";Roadster Pro Cup
ada614fb-bc63-4621-ab99-63c9b6b70212;81;SportProtosCup
adfa2646-7cf7-4c81-9ac7-9e8889977de0;47;trophee Lotus
ae1a8f95-d16d-4533-a02c-d152fc3173f9;"17, 3";Trophee F Ford kent
ae3b20c1-9564-43c4-b48d-f3d15328ec28;43;Maxi 2L classic Maxi 1300
ae4c41d4-e60d-4dce-a3d5-5163d1ed6023;8;Racing Over 2L
ae4f1296-cb0d-49da-a0c9-a9996a53aa2b;5;GT Classic Saloon Cars
ae863e54-e399-4a0e-8462-197cacc57b7a;;GT Classic Saloon Cars
ae95f1de-4805-45d8-9264-835e8d8d8cec;51-;Challenge F Ford Historic
aedcbdcc-523c-4e9a-aae4-2441ae17e83a;41;trophee Lotus
af183507-57e4-41f1-a0c0-710170c1c673;"1, 23";Trophee F3 FR
af3888a8-94e8-41cd-a92d-b9c88daafaa9;8;trophee Lotus
af651a7a-dc78-4b25-88b8-68dc866fe8ab;68;Challenge F Ford Historic
afea3d43-8223-49ab-b407-15e67dcfe771;12;Challenge F Ford Historic
aff3217c-465b-4f34-a80a-c653b7908b1f;"114, 2019, 2023";Racing Over 2L
affbb740-ca1f-476f-b515-25a4c362d17d;23;Racing Over 2L
b00418d5-b7bd-4b53-a193-5ffa5cdcba51;"57, bj-134-ez";Maxi 2L classic Maxi 1300
b0414c99-92e9-496f-a611-dd1c152d3c4f;39;Challenge F Ford Historic
b0c46b27-4dda-4d3c-a400-f389f5edf81c;11;Maxi 2L classic Maxi 1300
b107031b-5dfb-4e74-aa41-356c8e702412;18;Trophee F3 FR
b11959f4-93cc-4e83-bc1f-08ea0cece89e;"128, 28";Trophee F3 FR
b14b81c8-824d-47a8-8ba0-cc4b4c5c2b7c;996;200 KM de l Historic Tour
b14c5fb7-8b3f-43a7-91c6-186b89da075b;66;Challenge F Ford Historic
b17b2112-6ec7-44ad-a154-b88ea4198781;43;Maxi 2L classic Maxi 1300
b180c3e4-6198-4cd9-aaa5-55574976105b;;GT Classic Saloon Cars
b18d3d90-f838-4422-a74a-a719347044b3;22;200 KM de l Historic Tour
b1f6f808-b604-44b7-87bc-08707c71cfff;17;SportProtosCup
b20dbde7-74d4-4d64-8d19-34f724f80fcd;71;Trophee F3 FR
b2135d21-41ff-4bff-ac5b-49c96d5d1a06;78;Challenge F Ford Historic
b225a259-04f0-4260-95f4-43ffd509fd9d;12;trophee Lotus
b2526191-4b35-4b1c-99c6-378c73d67c93;7;Roadster Pro Cup
b27c5b5d-075b-40a5-85d9-ba1a680f9641;46;Trophee F Ford kent
b2938e8a-96c8-4757-b204-5a5efc084ac2;"15, o-one";SportProtosCup
b2a3bb13-2e15-482f-bdbe-c00813547839;"12, 7";Roadster Pro Cup
b2cc6f37-da06-4cf6-a7b2-e1120a3350f6;97;Racing Over 2L
b2ce7565-4b64-4d48-b59a-cf982fc5ff34;"2, 3";SportProtosCup
b2d2c7c7-d682-4f81-9a2d-c7d24302dd44;97;Racing Over 2L
b35da6c7-8463-4311-98df-8efd7fa43db3;666;200 KM de l Historic Tour
b3a337bd-25f4-42b8-99bb-11fd740004a7;27;Challenge F Ford Historic
b3c9bd14-8490-4922-8f81-c0a3f3e97cb9;;GT Classic Saloon Cars
b3d5e16d-4897-4832-879d-76db877b5580;742;Youngtimers SuperBerline
b3de37cd-fa2d-4256-867a-94694a276942;"2000, 9";SportProtosCup
b3e4b9a3-6904-44c8-af3f-9aacc1f76ce3;143;Trophee F3 FR
b3e69437-1289-4c3d-b9cb-22c9798af164;15;Trophee F3 FR
b41932ca-babe-479f-94e7-51a64bf61c61;83;Trophee F3 FR
b4755ef1-a8c1-4380-a5cc-f5e5641377f3;12;SportProtosCup
b4839483-c9e7-44ef-a373-e212841c1480;27;Maxi 2L classic Maxi 1300
b4997dd2-48e5-4e88-9551-72ea00676c3e;"1293, 9, 90";Maxi 2L classic Maxi 1300
b4b83276-b731-4fb2-911f-bde693564e59;22;Trophee F3 FR
b4e0af58-295d-4ed2-9cf4-89614cc3241d;69;Trophee F Ford kent
b51552fe-6086-49bf-8d34-831b4278991d;;Maxi 2L classic Maxi 1300
b53ba632-4aa3-4c7f-a222-ae460d4d9b52;41;trophee Lotus
b5605129-1ed5-419f-98f8-3eef9eee47cb;1;Challenge F Ford Historic
b570ecfc-5bb6-4ae5-abe0-16379d0fb8ef;22;Trophee F3 FR
b57b2784-ac89-41c8-8106-38305bc33a91;42;Challenge F Ford Historic
b58aafb3-db0b-4864-92d5-77c1cd93ae36;35;trophee Lotus
b59a39c6-303a-401f-912e-65a5b91ea535;222;Maxi 2L classic Maxi 1300
b5a1de45-6345-4672-85c1-b026179acc67;68;Challenge F Ford Historic
b5a30352-31b2-40a6-9a9d-140074624b43;21;Trophee F3 FR
b5a4083e-6054-4e1a-8064-2f7fc1f5945e;90;Trophee F Ford kent
b5aaf14b-00ee-46c2-99c2-19cd8ee08010;;Maxi 2L classic Maxi 1300
b5e468dd-97c9-4bbe-ae82-795b58275f5f;69;Trophee F3 FR
b5ee4331-deb0-42d0-8201-d2ed70faea5b;"15, o-one";SportProtosCup
b620014e-4246-4ddc-b823-598bf9968426;17;Trophee F Ford kent
b658c603-a6b3-4a55-a3cf-d7eb60ec6c22;"61, 84";GT Classic Saloon Cars
b670b917-2ea8-43cc-96b8-f713525625f8;"19, 3";Trophee F Ford kent
b74efab0-282d-45d1-9526-e87b52611ab7;83;200 KM de l Historic Tour
b76a45f2-9b47-46d3-93e3-999fc8776512;;Maxi 2L classic Maxi 1300
b773096c-a658-4f82-9af5-c545033822cc;"44, 70";200 KM de l Historic Tour
b77f3e5d-1703-4e9f-874a-a4258288acda;"300v, 888";GT Classic Saloon Cars
b785c349-258f-4c3f-89f0-b2b301fa0577;4;Trophee F Ford kent
b7acd756-4a76-46c8-8ffe-0f474fb31ec1;43;Roadster Pro Cup
b7f1b951-d658-44a6-8b08-842315a46d02;8;Racing Over 2L
b80df0cb-d55a-46e3-93ef-c1cd975c2797;97;Racing Over 2L
b82e9b52-f596-4fa4-8f1d-135d23a879f3;72;Challenge F Ford Historic
b84fd89b-c020-4e1f-96ba-0b7b85f84a77;440;Maxi 2L classic Maxi 1300
b8513adc-f99e-4aea-82ed-eb87b75aaa4b;72;Challenge F Ford Historic
b8601895-b7fc-4397-8199-29234509a017;"10, 51";Trophee F Ford kent
b86e2ed1-ac27-44c2-97d3-5efe981daef5;16;200 KM de l Historic Tour
b8746cd6-d423-4e8f-896b-706ba0863f21;23;Challenge F Ford Historic
b876be0b-73a6-42e7-a99d-f3accc877e7a;;Podiums
b88f90dc-8cba-4eaa-ac19-38fd5cad5e70;134;trophee Lotus
b895aa84-6cdd-4402-b500-3d498ef9a617;777;Youngtimers SuperBerline
b8a7e5e1-db2a-4779-a6e6-ead2a6bf24b0;47;trophee Lotus
b8c68dca-d91f-43ae-9ed5-93f9686af033;12;trophee Lotus
b928b5e6-9285-491a-812b-618a1db0bf22;;Maxi 2L classic Maxi 1300
b96c25b9-0eca-42e0-8250-1565218df0a8;27;Maxi 2L classic Maxi 1300
b9816989-2b43-4199-ad96-978c8b7b315d;"15, 2, o-one";SportProtosCup
b9af2d82-4136-4a6a-94b9-8cb3cc27d6fb;4;Trophee F Ford kent
b9b013a5-2470-4b59-8609-ad795fa3c330;;Podiums
b9be97b6-a26a-401f-a33d-fe285c97ea44;83;Trophee F3 FR
b9c2e3a3-3dd3-4cd1-9a6a-3bc7de9442d6;;GT Classic Saloon Cars
ba0b7b49-43a8-4cb9-8462-752cc55fec91;23;Challenge F Ford Historic
ba27e8ab-3d3a-4449-a90b-ab998d1f3f93;666;200 KM de l Historic Tour
ba6fed78-a91b-407a-9cb5-c9e973d4b4c9;2;SportProtosCup
ba774442-e75e-4cb5-9b71-44f4e700d698;83;Trophee F3 FR
baa10a50-2ef8-4bb3-ae9f-a7fcd4e01b46;;Roadster Pro Cup
bab88899-f350-4408-8474-93fbfa1a18f6;9;SportProtosCup
bb0f01bf-a7c9-4f62-9be3-169d9d391efb;92;Youngtimers SuperBerline
bb25b6e1-d7d9-44dd-ae31-064ac8137305;42;Challenge F Ford Historic
bb77b4ab-78d1-4725-aaf6-9b58731bda70;2125;Maxi 2L classic Maxi 1300
bba71b7b-f26e-4d74-bebe-9dfe988defa7;35;GT Classic Saloon Cars
bbae85a8-0191-4902-94cd-5c9416e4fa65;96;Trophee F3 FR
bbd08896-4f29-402f-b562-3a38cf6ab267;"00, 17, 87, 99";Roadster Pro Cup
bbe9e686-346c-4763-8be1-19c3a270b65d;51;Challenge F Ford Historic
bbf7a590-bf95-447a-8d7c-3dbeda13a60a;13;Trophee F3 FR
bc05d929-fd72-43dc-8758-aab198e0ae1f;84;GT Classic Saloon Cars
bc07895d-3a5a-450c-8351-77836a1246ec;"007, rt-vins";Youngtimers SuperBerline
bc3d158d-541b-475f-9c17-9d62e9185249;29;trophee Lotus
bc48fb4b-387a-4539-b729-9fe99198631d;"15, o-one";SportProtosCup
bc7f290b-1e5a-4925-bc20-d62c35738fe8;"28, 4";Trophee F3 FR
bc86b165-12a0-4e5f-9835-9db9e1b9a492;92;Youngtimers SuperBerline
bcc0c137-89d3-420b-a07d-994530a69964;;GT Classic Saloon Cars
bcd31b02-99d0-4469-b2f4-41009cd27f96;;Maxi 2L classic Maxi 1300
bcfac0eb-f939-4e84-8a22-4c80c3ea4234;12;SportProtosCup
bd11c4e8-998d-4cc4-9a24-271d2bb0c3eb;81;SportProtosCup
bd4e046e-fe7f-4685-a5ff-b6ec4a65fec7;67;Racing Over 2L
bd52c53a-fe07-499e-9fd4-bb8f004d58c8;71;GT Classic Saloon Cars
bd5b7f61-2910-4108-a3b8-2bb0a9af62d9;;Maxi 2L classic Maxi 1300
bdd8f44a-9607-4b7c-84fd-e27051d4194d;bg-133-qa-;Maxi 2L classic Maxi 1300
bdf7c8ff-e662-4d52-874b-cdde98ec9d74;222;200 KM de l Historic Tour
bdfb2de3-6849-428a-b3ee-63a07488357f;;Podiums
be2439e2-fb14-44b1-b90c-ac9a5ef3429d;;Podiums
be2f694d-0549-46f4-bb9d-f84f85174ee8;17;200 KM de l Historic Tour
be70f831-a1fa-4b47-ba52-f3a1f5aa8c8c;35;trophee Lotus
be7fb1ac-934f-4f45-bb7a-093fea4e2930;40;Challenge F Ford Historic
be89cdc0-31dd-498f-a9c8-42d055fe5ae9;27;Challenge F Ford Historic
beb168e1-ec62-4101-aea3-2d3e6c4aa641;1;Challenge F Ford Historic
beb21bcd-440f-49e5-b32b-4ddab0406ff0;71;trophee Lotus
beb61edf-7005-456b-9dad-294bbccc6e6d;"111, 666";200 KM de l Historic Tour
becf7a63-8c2c-4b89-a512-6e036e4b5fa7;43;Roadster Pro Cup
bede9d09-97c5-488c-ba49-9b8d2e1255f5;8;Racing Over 2L
befeade6-98a0-4775-a872-561d94eed96b;"10, 8, 87";Roadster Pro Cup
bf0cd8a6-9dff-4bba-acc0-18eaedc5b400;777;Youngtimers SuperBerline
bf47dd01-8943-4533-bb97-8c5718c5ccab;9;Racing Over 2L
bf493dc0-0bdc-449c-b87d-a665e20b024d;21;Trophee F Ford kent
bf53251b-6f9d-4bc0-859d-81f7c9299190;51;Youngtimers SuperBerline
bf6f0e74-8ebe-46a2-803e-6e15e1502136;29;trophee Lotus
c042c26a-49a9-472b-8533-e63b8efd9675;12;SportProtosCup
c0690a1e-fa1a-4250-b5fc-2bd3f170554f;"2, 25";Maxi 2L classic Maxi 1300
c0cb2e73-e8a3-47e7-9cce-b282c9d244ee;;Podiums
c10c2430-60de-4039-8e54-1599e07439a5;83;200 KM de l Historic Tour
c12a7d37-b46e-405b-92fc-e9954653c38e;;SportProtosCup
c1325ea9-58f9-4818-9f72-7f5c103cee72;82;Racing Over 2L
c136a6fc-dd18-4acc-b170-1f0a1edda659;1;Trophee F3 FR
c13ed86a-2a08-48c3-bc3d-b2e55c63f78e;72;Challenge F Ford Historic
c17ee456-fd9c-4955-89fc-037883e6a0ff;43;Maxi 2L classic Maxi 1300
c1c0c43a-c71a-48b0-9ad5-da30357d44cc;"84, 90";GT Classic Saloon Cars
c1e65292-008b-440a-8f96-3e974f2dbe07;"7, 73";200 KM de l Historic Tour
c21c0718-dbcc-4a7f-ae09-6c2b22b1d5dd;10;Challenge F Ford Historic
c277edb6-837e-46ba-aec2-cc07f80b17d7;3;Maxi 2L classic Maxi 1300
c2f8582b-2e68-4a28-9bb4-5992985210b2;30;Racing Over 2L
c317c088-1344-46e7-8fd3-bce75774e2d9;27;Challenge F Ford Historic
c34c9086-bd26-45e6-998a-417080a5bf6f;;GT Classic Saloon Cars
c35080e4-8cf7-4a03-8e0a-505cd4cc48a4;6;GT Classic Saloon Cars
c362fe7b-d91d-49f4-9196-800eccdccfd9;;Podiums
c367d696-4a14-4869-9d0b-742d5b54e167;"3, 80";200 KM de l Historic Tour
c3a92ffc-1a4b-4f1f-8490-1b1f413db159;81;SportProtosCup
c3c86908-9b11-4e0e-a158-ba9435d3ccb3;36;GT Classic Saloon Cars
c414e151-cc5a-4f72-b11b-afd92ce0c8ef;;Podiums
c434a8eb-edd5-4792-b613-12bdf7233a74;44;200 KM de l Historic Tour
c43a10af-2e9b-4cf2-b121-7ab10d05b854;13;SportProtosCup
c45a2e69-1808-4acd-8418-e762f4d5bcb0;128;Trophee F3 FR
c4b8c8c1-3ebb-4c85-b832-f63a42052d7a;8;trophee Lotus
c4c28415-d5f7-42a2-b684-502c64fe1f77;"1, 10";Challenge F Ford Historic
c4d3c076-eae6-4d46-8198-77138f04c22e;24;Trophee F Ford kent
c503641d-a6e2-47ba-9fd6-5c0e739cf46e;83;Trophee F3 FR
c53286a1-9e27-4ec9-ac02-27e9c9c83d3a;17;Roadster Pro Cup
c5a795ce-ac6f-4b01-8d59-e62ec00d41f8;;Podiums
c5c243e1-e981-4692-8147-d52752b1f598;2;trophee Lotus
c5c49919-4e9d-4628-b2aa-8b98e1335c33;"143, 47";Trophee F3 FR
c5f2472e-bccc-49f8-a308-2ddc2f3ba261;24;Maxi 2L classic Maxi 1300
c6aa9227-dc5d-4c95-ab54-57e669b94358;17;200 KM de l Historic Tour
c7109a49-9986-4320-9abd-a31efbc75ce8;"8, 87";Roadster Pro Cup
c7227c0b-574c-47a8-9ddf-76eeac3a8503;46;Trophee F3 FR
c7376744-3212-4b11-8bd8-d4f0bb7658db;auto-club;Maxi 2L classic Maxi 1300
c75ff0f0-fada-43b4-aadc-cd31634bff28;;Podiums
c79196d7-bb27-4adf-a5f5-cbfa2408fc89;50;Roadster Pro Cup
c81b73aa-fe8a-45e9-a378-097167fa8bc6;90;Trophee F Ford kent
c827a93a-2d62-4661-88e6-beb2035da77c;7;Roadster Pro Cup
c837feb4-2a78-401f-a485-005806990bc4;"143, 22, 240";Trophee F3 FR
c8524767-b53e-41e4-96fb-256c174d43a1;82;Racing Over 2L
c864b462-4b21-4010-bda9-60bfd59dc016;440;Maxi 2L classic Maxi 1300
c8860e57-c830-46b9-a42a-6984f2e55f4b;8;Trophee F Ford kent
c89df019-ee54-4e4b-900e-01dfcdd5b8a1;40;Challenge F Ford Historic
c8bbd95b-67f3-423f-8df9-e2d4507fabba;"30, 37";Trophee F3 FR
c8e688b2-1770-42bd-90c2-e6e5be993ba4;7;SportProtosCup
c8f9b9a9-511e-42d6-b6d3-75b62353f394;"33, 64";GT Classic Saloon Cars
c906d951-071f-4d5e-9809-72b30fb4805c;78;Challenge F Ford Historic
c9285ecf-a799-4c2c-9546-1027eeb60902;7;Maxi 2L classic Maxi 1300
c9337763-0f1e-4df4-95c0-29b1f2bc185a;24;Roadster Pro Cup
c9778889-a843-450e-ba0b-21b26301639f;"119, 17";Roadster Pro Cup
c9c2c3c0-3671-499e-a12e-08c25b0add42;36;trophee Lotus
c9d7dbe5-d927-487b-b70f-736901e33f81;30;Racing Over 2L
c9e6ef7a-b06c-4952-bdd7-c4c1431ad47a;51;Challenge F Ford Historic
c9feea93-38ed-487b-a762-dd1e94558c19;66;GT Classic Saloon Cars
ca1e97b0-68b4-48aa-9f38-3781e710c939;47;Maxi 2L classic Maxi 1300
ca3cd519-3578-4318-9803-786aa79c73a2;26;Maxi 2L classic Maxi 1300
caa84901-9d39-445f-b3da-2d570dbd3ef9;"13, 1987, 2017, 2021";Trophee F3 FR
cad4ccac-cb74-4271-9aa9-4731c2aeaf5e;73;200 KM de l Historic Tour
cb0ecdb5-cf58-4557-a9f3-4bbf35ae1d91;69;Trophee F3 FR
cb580429-c7ee-4be3-81d4-2aae863e3477;36;trophee Lotus
cb807798-f331-4aa4-a87c-984ec6131be5;;GT Classic Saloon Cars
cba9bd92-32bd-4b4c-bee8-0865aba68cb1;2;trophee Lotus
cc023676-df4e-49d5-afc3-8b03565780f9;36;trophee Lotus
cc4ac5d3-3071-4d01-8169-fcf50e33cea9;"42, 72";Challenge F Ford Historic
cc5d8830-8c35-4ae2-8cb7-509a4d6d59f6;1;Challenge F Ford Historic
cc755995-f8fb-4936-8685-c0c75164cd66;9;Racing Over 2L
cc93e601-e807-4d7d-becc-8797003b3fad;;Roadster Pro Cup
ccad54e2-df28-4ea3-9a50-e200316f8851;"15, 36";SportProtosCup
ccb76182-fef9-4486-aab1-b7842c97d093;;Podiums
cccf096d-d02c-454a-baa8-a712497713ac;7;Roadster Pro Cup
cccf82b0-b8f5-4ab4-9cdb-17b2f3e058ef;39;trophee Lotus
ccd18180-f2dd-4d02-ac21-c39ad37a4819;89;Trophee F Ford kent
ccf7fa95-d63a-4bf2-9178-fd9605c0673e;;Roadster Pro Cup
cd068ad4-6c30-4575-a4e9-9f44d2831758;26;Maxi 2L classic Maxi 1300
cd1f8d2a-5a19-4fde-8565-2160478d43f1;777;Youngtimers SuperBerline
cd7ae3dc-25a0-4348-b483-6f83846ae522;666;200 KM de l Historic Tour
cda22849-9619-42c7-9912-34d1a8090c1b;88;GT Classic Saloon Cars
cdd41d7f-8e43-4b0d-9a07-825d84c9cd82;1;Trophee F3 FR
ce588d6c-d517-4b69-b56b-2f22121298ac;74;trophee Lotus
ce82c943-6555-42e6-97b1-3a7ea66df6af;27;Challenge F Ford Historic
ce9ce012-6707-41e9-a62c-7f51c1244c3b;"51, 818";Youngtimers SuperBerline
ceaf5c6a-ce2c-46b3-b121-f96dedc318bb;50;trophee Lotus
cedf4746-1071-4a6c-bca4-3374f8e5a765;"10, 2";Roadster Pro Cup
cf5730b1-0fd9-400f-a0a6-7ff6adb96168;;Podiums
cf6e8263-b3d7-4140-ad1f-3476d29fddc5;111;200 KM de l Historic Tour
cf6ec4ff-1c51-477e-bb1d-216bb2300e00;;Trophee F3 FR
cfb48071-e9d0-465e-a417-dc6c596c4171;"2, 36";Maxi 2L classic Maxi 1300
cff5311d-3149-4eef-b4bf-ec28fa11fa98;33;Trophee F3 FR
cffa9450-68a9-4f93-80d6-f2bc4d737cef;10;Challenge F Ford Historic
d01e61ff-3e7b-4bdf-bfdf-b0b42f606ddb;12;Challenge F Ford Historic
d0378198-6918-4f1c-9b31-438d7d40b004;51;Challenge F Ford Historic
d0a8b185-c8eb-488c-8dd7-f536caa5cc9c;31;trophee Lotus
d0c5925c-4c9d-448d-8011-be5fbbb49c88;"1000, 32";Maxi 2L classic Maxi 1300
d0d440e6-9064-4f45-a30a-288aa689ef7f;30;200 KM de l Historic Tour
d0d6d78e-b8d3-4d3e-86ad-e2f7e2232307;1;Challenge F Ford Historic
d0e82a2c-dcd1-4086-ba43-84285b023592;77;Roadster Pro Cup
d101d2f3-db8d-4438-8480-eb5894c44e4e;66;Challenge F Ford Historic
d1562a45-2cfe-43f0-a3ae-8b63d5aa9745;2l;Racing Over 2L
d15d2780-68bf-4b57-b321-8771ecc64e6d;92;Youngtimers SuperBerline
d17208e2-3607-4548-b886-ad39dbc78d7e;16;200 KM de l Historic Tour
d1891f68-8326-4c93-8da7-e2330ed13e2a;12;Challenge F Ford Historic
d18e8a6e-e87e-47e4-892e-ac323fbb6604;23;Trophee F3 FR
d19198a7-707b-4780-96aa-15181f71df8e;;Podiums
d1a1d9ed-55b7-4f43-a8e4-f82ea46e7b7a;15;Trophee F3 FR
d1a3d58a-0122-4e64-b716-f4e6e9d6bacf;119;Roadster Pro Cup
d1dd1b8c-75c6-4c0b-87c2-e9d7fa3c9b90;8;Racing Over 2L
d20c18cc-a6bc-4b14-b373-dba36e901eba;143;Trophee F3 FR
d2234301-5171-4d04-93ad-eef29e07a8a4;92;Youngtimers SuperBerline
d2425348-b5cf-4125-aed5-af470dcfcab6;30;Trophee F3 FR
d27c198c-1cd5-4f3e-b7c8-275f09e43b8e;46;Trophee F3 FR
d2a93dde-5baf-4393-8cf2-c92e32cd3b3d;"887, art-vins";Youngtimers SuperBerline
d2adb2ff-44cb-4b9b-a944-481af41006a8;55;Challenge F Ford Historic
d2b72e25-d9f0-412c-9ef8-8f02cd62d182;77;Roadster Pro Cup
d2c4090f-ca92-4ae8-b326-171ec8e71d8d;;GT Classic Saloon Cars
d32cfbb0-7227-4a20-81d1-2d22b5e985c9;7;200 KM de l Historic Tour
d33121af-878e-4718-9790-0eb7f70bcf7d;41;trophee Lotus
d337308e-89c6-410e-87d4-fda2f6e6bc31;41;trophee Lotus
d33cd67a-55bb-45f0-abb6-c171dffb79f7;90;Trophee F Ford kent
d368436c-364c-44bb-ada2-306d88301852;96;Trophee F3 FR
d36c415d-a570-4740-8f3a-3f3fbd7bfcf6;23;GT Classic Saloon Cars
d37c7236-2bc6-4968-8029-c04f50d7c51f;29;Racing Over 2L
d4252638-ea74-45ac-aadd-afd83316a019;1;Racing Over 2L
d434e5b7-bad0-48fc-8c89-0ff6044ee048;1;Challenge F Ford Historic
d45e37f4-4ea3-4436-845e-1ce316d3491e;"50, 67";Racing Over 2L
d48326c3-3685-4aae-b5c3-1abe2298522f;22;200 KM de l Historic Tour
d48a6f3c-ad54-445f-bb31-8e26f6c9f2db;42;Challenge F Ford Historic
d4a5cbeb-2c71-4591-9e60-48bda2a94f9f;15;Trophee F3 FR
d4a8d83e-f005-48f6-9bba-82d59243a579;707;Youngtimers SuperBerline
d4ab8a17-a9a7-4cb2-99c8-c950e0cc8b2f;"887, art-vins";Youngtimers SuperBerline
d4cd3d36-cffd-4140-a764-72393a850246;26;SportProtosCup
d4d6e2bd-5bbd-40b9-aa61-f2facc858f76;44;200 KM de l Historic Tour
d4eda3bc-1fa6-4396-8beb-33377c4a4151;8;Roadster Pro Cup
d4fed181-e8a8-4f68-8d53-08baae3f7c4b;70;Roadster Pro Cup
d530032c-96d8-4f83-be02-40abc1a54042;73;SportProtosCup
d56b00ea-acd0-48c6-8d56-07a3f399a416;13;SportProtosCup
d575e696-2999-4a2a-9b0b-11df55864064;;GT Classic Saloon Cars
d582aa0b-9639-45d3-a5b2-f55b1c3a85a6;111;200 KM de l Historic Tour
d5c95d1b-05ac-44ff-831b-3dfcfa276b9c;"15, o-one";SportProtosCup
d5cfd968-c157-4dd1-8da0-8e57c85009ea;15;Trophee F3 FR
d60fa9bb-6a27-4b60-ace4-eaae3e91beea;"143, 16";Roadster Pro Cup
d611c85c-a31c-4294-ad34-9fd9a026c7b9;72;Roadster Pro Cup
d619c3fe-fa46-40c5-884d-e0ae4080173d;8;Roadster Pro Cup
d667fb9f-d55c-40eb-afd2-65d31a7408ed;"17, 36";GT Classic Saloon Cars
d66cf0bc-1a69-4ebc-a0e2-bb4e1b306d59;;Maxi 2L classic Maxi 1300
d6856fe1-3760-4358-a2a9-073a7a8619ff;430;GT Classic Saloon Cars
d6a14de5-cf7a-41ea-a2fe-885159cfbc45;23;Trophee F3 FR
d6dff249-5b48-40a9-9b72-d879a34fb36d;7;Roadster Pro Cup
d72be1d4-f4a6-4d7b-843e-c6f591bc5b2b;"36, 81";SportProtosCup
d75bf614-93e0-400d-bc7d-08e476e0ba47;100;trophee Lotus
d75c2ddd-a63b-4228-bbd6-d9b0561d3308;9;Racing Over 2L
d75e3030-15d1-437a-8870-898fc37f9d56;"025";Challenge F Ford Historic
d7950f61-6582-433a-9d59-1e8d59a3f6f5;24;Maxi 2L classic Maxi 1300
d7ab1b07-41a4-48b6-8e25-ab090cb04737;430;GT Classic Saloon Cars
d8030e9f-2550-4a27-8d7c-7d6dfb536b4a;"18, 84";GT Classic Saloon Cars
d82b7c03-f147-4e47-8298-5832cf4a85bf;"13, 2017, 2021";Trophee F3 FR
d82ba4fa-9246-4412-bc6d-ae2031f6c12e;23;Challenge F Ford Historic
d8df11ce-7869-4627-97d7-6fa1c366b5ae;24;Maxi 2L classic Maxi 1300
d8e5a28b-ada0-483d-88c4-2e91a0618cdc;68;Challenge F Ford Historic
d8f49bba-7264-4e14-b151-36b976b4636e;"2000, 9";SportProtosCup
d8f58d23-99db-441c-a673-19568fa6e96f;dh-917-ab;trophee Lotus
d9166cd8-6628-4b1f-b439-8841df9da6e9;742;Youngtimers SuperBerline
d9179d81-13e9-4617-a92d-3b2329206a87;;Maxi 2L classic Maxi 1300
d9c62f74-f1ed-4d60-befe-e13bd2a47b75;sport-5;Challenge F Ford Historic
d9d47a5d-b713-4c51-b613-610bfb50e8e4;777;Youngtimers SuperBerline
d9ef03e3-1cf8-4076-a927-bad34b50c078;90;Trophee F Ford kent
da3a49ea-080c-4e71-8150-86d23f310392;16;Challenge F Ford Historic
daa6225e-5a2c-4167-bcd8-a7def7f2c197;16;Maxi 2L classic Maxi 1300
daedc4ec-3929-4ad5-b764-9dabc959fa6b;23;Trophee F3 FR
db04253c-ab99-4107-b7fc-28e6003c26b5;27;Maxi 2L classic Maxi 1300
db17ca14-89e3-43c9-909a-f5607b99f9fb;36;Maxi 2L classic Maxi 1300
db211338-2270-4adc-8810-4f5d047ae7f6;10;trophee Lotus
db2a367b-a9ba-44b3-99e0-478c8f461b3c;97;Racing Over 2L
db2efdd8-22ec-499e-9656-7c081618b723;37;Trophee F3 FR
dba49477-3656-4ce9-b235-90a6f339d033;"42, 72";Challenge F Ford Historic
dbdaea14-244e-4f33-81bd-1667cd5c276e;83;Trophee F3 FR
dbe88eaf-162a-49fb-a2a8-0f082ba9b473;36;Maxi 2L classic Maxi 1300
dc6837d7-fa11-4d09-9836-4ca5c6f1a7eb;815;Youngtimers SuperBerline
dc7b2fd4-1e5e-4257-9747-10b72aa0acdb;84;Trophee F3 FR
dc8b03da-9e68-49d3-a74c-db44687e61ef;5;trophee Lotus
dcb9f609-fd09-40f3-b79a-d366e1e51606;50;GT Classic Saloon Cars
dd11f998-2da9-4e07-8523-a76f37c2558f;11;Maxi 2L classic Maxi 1300
dda19bb2-6078-4fcc-899f-e91dcec3339c;10;Challenge F Ford Historic
dda984c4-1142-4798-9991-490cfca4d4a8;29;trophee Lotus
de11d32a-0e0f-4ab8-9696-9f03bcdcdff4;"2, o-one";SportProtosCup
de912e04-8f72-45cd-bcfa-0636d24ac4ba;99;Maxi 2L classic Maxi 1300
dec11d1c-7394-4fae-99be-c5d9875e37a0;111;200 KM de l Historic Tour
dec28d0c-5b07-45ad-b036-9d36e203a3a4;;Roadster Pro Cup
ded448e2-5067-4b0d-9197-138833b052e6;169;GT Classic Saloon Cars
df712216-9ad9-472e-bde9-2f796cd51842;"887, art-vins";Youngtimers SuperBerline
df98c3b4-e473-4e03-951e-51e107d2c73f;71;Trophee F3 FR
dfd19a5f-22eb-481d-aabd-52f098ab8d0e;36;trophee Lotus
dff92867-02b1-411a-b879-3a3e23c5d80e;13;SportProtosCup
e0169768-92f5-4b7d-9332-43131b7f975f;17;200 KM de l Historic Tour
e0286eb3-69ca-43de-ab1c-6bfcf7877dad;"28, 47";Trophee F3 FR
e030b86b-a958-477b-9b01-80d18c2e17d0;945;Racing Over 2L
e0412874-2057-4862-bb4b-929fd3757ca0;34;Trophee F3 FR
e09810bf-e3f6-4f2c-952d-aa253b75932d;1;Challenge F Ford Historic
e0d19b77-39ee-48e6-bf64-26796c77b655;;Trophee F3 FR
e0fbd0e7-9bbf-424b-adc3-9a404403af1a;"1, 71";Trophee F3 FR
e143d33c-dff6-4e7e-b5a6-343713de49e5;1§;Challenge F Ford Historic
e14cba18-b3c1-46fa-a1b4-eee7ac98bc31;27;Challenge F Ford Historic
e15bab57-dfcc-4b1f-bde9-5d4e731fb457;;GT Classic Saloon Cars
e16552a2-0e63-4133-b79a-07d93e29a5ec;"3, 36";SportProtosCup
e16f4fb7-2565-45c8-846b-d7c6c99c1fa6;707;Youngtimers SuperBerline
e1bd1c9a-9a21-4fdc-bffd-2e6d53ba5cfc;46;Trophee F3 FR
e1bd4150-4f39-4db1-8e86-ba2810ed8bad;22;Trophee F3 FR
e1e121bd-c29c-421f-af36-853e203e0f16;;Trophee F3 FR
e216beee-53d6-41fc-8663-e3a512a04289;72;Challenge F Ford Historic
e2398c14-9c79-4d45-9111-63842940e264;28;Trophee F3 FR
e25063e3-5d8f-4dea-ab89-9f402f43b24f;68;Racing Over 2L
e2522925-569d-4c63-9cb9-43c0123fe85f;42;Challenge F Ford Historic
e255a281-0edf-4b2d-951a-712c41cdef9f;12;Roadster Pro Cup
e2802681-fd77-40dd-b517-29c6b36b885f;22;Trophee F3 FR
e28ecee1-8e52-4e97-a93a-50c26e933daa;16;trophee Lotus
e2935607-75db-4c67-9066-8ebe3f6c2100;36;trophee Lotus
e2cb357e-14cc-4f30-a877-3dfa32df2835;44;trophee Lotus
e2d73a67-9131-4285-b11e-df21119890aa;"35, bw-180-ek";GT Classic Saloon Cars
e31b3885-e839-49f8-b57e-d440bbd8aa1a;143;Trophee F3 FR
e32168fa-9e02-4840-b8d0-905fd486e899;12;SportProtosCup
e36a112c-c7b3-4e67-9b77-0d6b460f1855;7;trophee Lotus
e37ca171-441a-46aa-9d1e-fc5de105d70c;69;Trophee F3 FR
e37e956e-9f21-4c77-a692-bcfb78e1b0f4;47;Trophee F3 FR
e38b3b06-856e-4fa9-bcd8-c318ed1ff930;"114, 755-lk";200 KM de l Historic Tour
e3ca57d1-8222-4bae-b7ca-2ec133cfc9fb;bj-134-ez;Maxi 2L classic Maxi 1300
e41b7ca8-61d4-4176-83bb-58bd0c78b397;;Podiums
e423a8aa-3fbc-4abb-8c6f-3e7aaf6d667e;;GT Classic Saloon Cars
e46ac7c6-d158-4f64-8093-47b819a9949d;"21, 418";Maxi 2L classic Maxi 1300
e476aa99-7756-41ea-8c61-f882845acd22;46;Trophee F Ford kent
e486d20d-6a47-4dd9-b61b-fa142e84904f;707;Youngtimers SuperBerline
e49bf140-fea2-4547-ba77-be101b96772d;666;200 KM de l Historic Tour
e49db477-7b58-405a-8029-f5ea6812e8a8;99;Roadster Pro Cup
e4ca4f5e-6f44-4410-a78e-b39fa7f26ba4;16;Challenge F Ford Historic
e4cb42e0-80fb-40b5-85aa-5468f5603fbd;10;Roadster Pro Cup
e505831d-6b3a-489d-bc6d-ea722244d1d2;30;200 KM de l Historic Tour
e508a3a8-4b2a-4eca-8bd0-4d9e5ba8132a;15;Trophee F3 FR
e51ae1bf-be0d-474b-a0f0-e430ec207a55;"114, 2019, 2023";Racing Over 2L
e5202106-4801-4dcc-97e6-fa811095cd63;74;Roadster Pro Cup
e521db8a-b460-4f18-be56-ceb4f78a27c6;36;trophee Lotus
e529d57f-7956-46dc-86e6-5fb5724b27a7;"9, 90, 99";GT Classic Saloon Cars
e544684f-e683-4bdf-8bff-6a88359f1d52;"15, o-one";SportProtosCup
e56c53f1-1026-42f4-b789-0d3ff4c80395;"32, 80";GT Classic Saloon Cars
e58c7611-a1be-4e70-a90d-4df78be7efce;"1, 23, 75:";Racing Over 2L
e5a7a97d-71fa-45a6-af98-612533df5935;111;200 KM de l Historic Tour
e6038598-211e-4715-85df-af2a80a8509e;29;Racing Over 2L
e6555a02-4a0e-49c0-b9f3-1e44b9dfc574;"10, 2";Roadster Pro Cup
e6555b7e-bf6a-4d6b-84a5-9a029b20eb6c;888;GT Classic Saloon Cars
e68324a5-23e0-468d-9893-eb72d5ee352b;;GT Classic Saloon Cars
e6c8526a-7e7d-44ad-b955-f00fb7b16a55;"169, 888";GT Classic Saloon Cars
e6f68434-a04d-4eba-b0e1-5484dba53a9e;;Podiums
e6f8e6e8-9277-4b80-a821-92940c823bc4;96;Trophee F3 FR
e7418483-509a-43a6-a9c5-c017c51705d8;"2, o-one";SportProtosCup
e7790fe6-4b21-4618-b943-a72bc17e6da9;19;GT Classic Saloon Cars
e7caa32a-5e1f-45d3-8ce9-e21c920a3e44;36;trophee Lotus
e7d69078-ccae-48e8-a623-c778fc16ec01;;Trophee F Ford kent
e820669e-bc62-443d-b5d0-7018d66ec4a7;1;Racing Over 2L
e824db9a-df50-4bbe-b57c-06a6d15fdfe4;777;Youngtimers SuperBerline
e867d9b4-599b-45c8-b991-c87f11fb29e3;;Podiums
e86e35ba-4910-4b45-978e-334dc6bd9adf;83;200 KM de l Historic Tour
e89ba477-b5da-4ad1-8b96-689ba1868995;36;trophee Lotus
e8bc47e9-ac99-46c3-a793-5665599393ab;4;Trophee F Ford kent
e8e8cafa-b6b5-4b06-8980-2eb5d96fcd52;32;GT Classic Saloon Cars
e8f7a37d-8e09-43bb-a833-2ff04106d35a;"36, 73";SportProtosCup
e90fc6e3-d988-4262-9fbd-d8a2dbf571ed;4;Trophee F Ford kent
e916a462-efd2-4281-8f2c-eba1b8379047;;GT Classic Saloon Cars
e93e3aa9-3bb3-420c-baa2-6126429cdec0;69;Trophee F3 FR
e9547d18-f988-4a1a-b992-4eb52ae9aad1;89;Trophee F Ford kent
e95a596c-fa44-4f1e-ad0c-ad4fce21b973;"2000, 9";SportProtosCup
e97ec37c-7ea8-4f89-9853-9457837213a4;30;trophee Lotus
e9b4e7a3-13b3-4efb-8f65-35bf859480ec;187;Roadster Pro Cup
e9c2a164-5f82-488a-8feb-ce92f70d9778;"9/, 90";Trophee F Ford kent
e9df2d6c-2e6d-44bd-a89d-701e0838bcc3;143;Trophee F3 FR
ea75233a-1b14-42f8-b0a6-d5447569fdab;;Podiums
ea9cbb3f-6203-453e-aca6-7a2e6fdc0eab;30;200 KM de l Historic Tour
eaf5dfb0-5cd4-4ba3-90af-596aba2d6592;5;trophee Lotus
eaf6de09-a67d-4b20-8862-5bdaf71dca82;"887, art-vins";Youngtimers SuperBerline
eb282971-ba6d-481c-a553-a99bbe3afa2d;29;Racing Over 2L
eb2cd42b-cadb-444e-bee3-e2c827d382f1;8;Racing Over 2L
ebbb6e34-822a-401a-98a3-fc4b5382379b;5;trophee Lotus
ebc19834-052c-4e77-8435-61ecf9d72f22;;Podiums
ec419d60-31cd-4c34-82c8-778fdd0a6be5;818;Youngtimers SuperBerline
ec4f379e-5d18-4bb7-a6c2-fcc1e914026a;48;Trophee F Ford kent
ec697d8a-3786-4596-98f0-28d132fe74eb;9;GT Classic Saloon Cars
ec82e989-6f8e-42eb-add6-eab1e1ff6c20;707;Youngtimers SuperBerline
ecb20a38-c778-4463-a741-31cbac6cd491;9;Racing Over 2L
ecf9ff26-990a-4794-81fe-2154f2842775;46;Trophee F3 FR
ed0016d8-7212-4cc8-b2ea-0a2eb7f0c709;818;Youngtimers SuperBerline
ed1f8d0c-398a-42b9-ab47-1920f2187daa;;GT Classic Saloon Cars
edc6fd21-ab4c-4161-965e-df216b7520e4;16;Maxi 2L classic Maxi 1300
edd2c125-cf91-4a4c-af57-bb4c94443cd6;10;Challenge F Ford Historic
ee0d1704-a411-43fb-a8f2-5e00a87b2e53;18;trophee Lotus
ee2b7a2a-d2c8-4b47-a76f-377c99cd6c34;"13, 26";SportProtosCup
ee306af4-d1ce-4324-b67e-a3f7eab5aa24;90;Trophee F Ford kent
eebdbe04-decf-47bf-9c97-00c9a0cd9cda;37;Trophee F3 FR
eee4102f-4e3e-4a6e-b9f0-e3ccc2e99012;3;Trophee F Ford kent
eefbfdfa-9d64-443e-aebf-4d501602dae9;12;Challenge F Ford Historic
eefd48b5-b979-4618-bb09-bf16a323ea43;18;Trophee F3 FR
ef0b4404-2652-4fc9-a8ba-6ffcb5e073b2;"3, 46";Trophee F3 FR
ef337054-7877-4ce7-a5d3-9c16611a466b;"13, 2017, 2021, 4";Trophee F3 FR
ef67949e-a914-4142-8778-245f2de33252;97;Racing Over 2L
ef8cdf36-3fdd-432c-9c65-1f1b56866190;666;200 KM de l Historic Tour
eff89f2a-1cb2-4f28-878f-81e7f0d40d85;"1, 10";Challenge F Ford Historic
f080e920-4ac1-49af-9b80-e339d9b7ed8d;160;200 KM de l Historic Tour
f09c3816-5d51-4f0e-9f2b-09f9bfede3de;666;200 KM de l Historic Tour
f0e0931d-03aa-46ba-a185-5af21992f477;742;Youngtimers SuperBerline
f0e64ea5-cec9-43f7-bdd0-8a39c52b5b78;"13, 1987, 2017, 2021, 2022";Trophee F3 FR
f10cd7af-eed6-46ae-9617-5fcff81ebe0f;"12, 36, 39";trophee Lotus
f146c3a3-ead5-42f3-9f93-de9d0d965366;23;Racing Over 2L
f18db620-be21-4746-86ef-7980d870bcc3;"169, 32, 88";GT Classic Saloon Cars
f1a47fa2-2859-4a5f-8410-4e76b9587230;10;Challenge F Ford Historic
f1c144d4-2969-4cbe-947c-e22449980d40;"71, 90";GT Classic Saloon Cars
f1e730a9-f5b1-461e-aba0-a88ca32feba6;;Racing Over 2L
f2292141-8dcb-4f89-9c54-548162f8b3b4;742;Youngtimers SuperBerline
f2497c99-69f0-42b1-b8c1-b675b586b123;111;200 KM de l Historic Tour
f2a9f2bf-0886-403d-aa16-e9c1e29fcfca;12;SportProtosCup
f2bae106-54e1-42a9-935f-265e71654f35;51;Challenge F Ford Historic
f2ceec6d-c574-4e68-94b5-9cfdaee1011b;"16, 97";Racing Over 2L
f39194dd-a3d7-473c-8c7d-c6e1e5b13d53;"48, 68";Trophee F Ford kent
f3b81e14-0113-4cc1-997d-d7c861a3ff46;51;Trophee F Ford kent
f3bd32bd-5da6-4c98-9bd7-dd28ddc5ac06;90;Maxi 2L classic Maxi 1300
f48f9474-098f-4060-9648-a7c7440a64dc;96;Trophee F3 FR
f4aabcb8-8a93-4ef9-9815-ec4baa972594;28;Trophee F3 FR
f4e4584f-5c0c-4787-bc06-e57ec297be93;99;Maxi 2L classic Maxi 1300
f4edb4a3-2435-426a-8854-788651a0d0fc;87;Roadster Pro Cup
f5b23a49-b1b8-4e26-8cec-3a70e30e011e;35;trophee Lotus
f632f2e4-c8ed-406b-a01a-111a9a785bf5;31;Trophee F Ford kent
f6433b82-588f-4ab4-8947-877d53c28c1c;686;Youngtimers SuperBerline
f66e1d51-2fea-4a28-b7e1-d9523087d9a6;23;GT Classic Saloon Cars
f66e1f77-8461-4ff5-832f-46bc4c90e310;"111, 666";200 KM de l Historic Tour
f66f09ce-dd71-4398-9990-b997f35a8f86;90;Trophee F Ford kent
f67dbec2-800c-497d-8912-07394ab50c00;"160, .bersi-immobilier.fr";Racing Over 2L
f67fc639-8d43-4ed4-bb5b-bb0b33e4b351;33;SportProtosCup
f69db363-9d82-49fe-8b49-3510355524f1;30;Racing Over 2L
f6b9705f-5a59-4b76-b8c8-878c53dd3f0a;;Podiums
f6cee561-3b36-4546-8a84-9f22dbfe8fe2;55;Challenge F Ford Historic
f6df3768-3372-4313-bb30-c0fc0cd30011;12;trophee Lotus
f73f61c8-2b51-43ec-b74a-b02f8d18b0b5;"43, 7";Roadster Pro Cup
f79aa9ea-1e02-4a34-a250-72ee1cb51500;16;Trophee F3 FR
f7b3a0af-af54-434b-8199-a8499157ee52;61;GT Classic Saloon Cars
f7dc0fa9-cbc5-4b33-abe7-a32a1b966f10;23;GT Classic Saloon Cars
f7e4e706-7278-4ee3-9f1b-14a5fef65b41;;Podiums
f86d3a9b-afc0-4fb1-8c79-d8f4ce1e4a60;;Podiums
f8744991-58ec-4db7-8931-51189bb96f4a;17;Racing Over 2L
f886c6a6-eb67-43f4-bdd9-60060799c148;47;Trophee F3 FR
f8b7c8dc-333d-4b25-8a48-cf55bcbb77b7;43;Roadster Pro Cup
f90451a0-e14e-47bd-9839-9db1c4595ffb;21;Trophee F3 FR
f93f5af8-810b-4d82-9ce8-48cfc0693304;90;Trophee F Ford kent
f9870eaf-6dc0-4888-a182-d632ce1c7be4;"17, 70";Roadster Pro Cup
f98e1f7d-57f7-4937-a800-422a7dba61c1;33;Trophee F3 FR
f9d6c0b8-66a1-43cc-803f-61b00b86ee7a;"2, 24";Maxi 2L classic Maxi 1300
f9d9fd3f-c8d6-45ef-92cb-70742ba92f0a;240;Trophee F3 FR
f9edd6fd-3538-43e1-812e-76b8fee9a527;18;Trophee F3 FR
f9fb9278-a637-48c3-810e-2b272b589ea3;815;Youngtimers SuperBerline
fa0384f8-0d47-4a6d-94e7-413411b42265;"88, 887, art-vins";Youngtimers SuperBerline
fa15bb93-e30c-44ba-b82d-3ab1de73fae7;22;Trophee F3 FR
fa1f875e-196f-4986-a307-91285145b9c4;43;Maxi 2L classic Maxi 1300
fa249e5b-5b2b-4944-b38c-2bf5861d0993;"19, 20";200 KM de l Historic Tour
fa50cbfb-4f9a-416c-957f-7b78af708ba3;70;Roadster Pro Cup
fa869737-8e19-4a1c-bf4e-402f65e3702f;10;Trophee F Ford kent
fae18272-5425-4c3f-aea8-dbe82cad13bd;8;trophee Lotus
fb033df6-36a3-4349-999b-6fc44488be10;51;Trophee F Ford kent
fb73d160-438b-469b-ba34-d17069d0c781;"18, 18r";Trophee F3 FR
fb7b6806-a1c7-4749-9892-5ed7efa54226;43;Roadster Pro Cup
fbbfc4a9-0802-499e-a8a6-5b64078063c7;25;Maxi 2L classic Maxi 1300
fbf38675-823a-41f6-9e73-031d81d8acd6;dh-917-ab;trophee Lotus
fc429a07-fb74-444a-a997-7fd8da7b29c4;;GT Classic Saloon Cars
fc7eb669-a089-4c42-aec8-564ebe1f7018;13;Maxi 2L classic Maxi 1300
fca94888-24dc-4e10-b31b-9a495d04e1d1;83;Trophee F3 FR
fcb17059-5f9d-42eb-9772-f8e1d3a59876;;GT Classic Saloon Cars
fccf45ed-9467-48d8-96ac-fe44fc0d2ff7;50;Maxi 2L classic Maxi 1300
fcdb9954-9146-44f5-9625-c2f9240577d4;67;Challenge F Ford Historic
fcdec203-78c8-436c-8e2a-4126fd62af51;6;trophee Lotus
fceb73d7-e456-45de-90ae-49ec27205c77;100;trophee Lotus
fcfa4b72-3909-4f3f-a408-df13de35c27e;666;200 KM de l Historic Tour
fd1a11ee-3450-4e3a-8eb4-3827ad05b4da;"29, 34";trophee Lotus
fd1db453-31a8-4141-9d49-e240accd9a49;"23, 90";GT Classic Saloon Cars
fd78fe94-f01d-44d7-aefc-65a76d93567a;30;Racing Over 2L
fe01202d-b3b4-424e-a268-f8c8185b1c58;"43, 77";Roadster Pro Cup
fe01789f-4836-4a08-b7ed-d556c9a46529;;Podiums
fe1d1bd9-8f4d-4b19-bc93-572d986d9886;1;Racing Over 2L
fe38c6dc-6087-4eab-b2fc-13f30b08a19d;50;GT Classic Saloon Cars
fe87db5a-b7b9-4fc7-ba0d-292c20ea5c5a;16;Maxi 2L classic Maxi 1300
fe9f3860-6920-4d1f-8a8d-8f9da29171ef;;Maxi 2L classic Maxi 1300
ff1f2ef6-8eb1-4dc1-b4d5-8f2d416ab748;"17, 70";Roadster Pro Cup
ff622086-a8e5-4a96-aa12-7df6c155fc3c;28;Trophee F3 FR
ff637026-82cc-4e8c-b345-7ced51f10241;847;Youngtimers SuperBerline
ffd038dc-f182-4ccc-9fa7-f7d5a6971de2;15;Trophee F3 FR
ffe03170-f9e9-406b-acb4-ae2f94b9b21b;36;trophee Lotus
fff5fb66-f825-41dd-8565-d8ca65208bf4;777;Youngtimers SuperBerline
